#VRML V2.0 utf8
# 3D model generated by easyeda2kicad.py (https://github.com/uPesy/easyeda2kicad.py)

Shape{
    appearance Appearance {
        material  Material 	{
            diffuseColor 1.0 1.0 0.0
            specularColor 0.5019607843137255 0.5019607843137255 0.0
            ambientIntensity 0.2
            transparency 0
            shininess 0.5
        }
    }
    geometry IndexedFaceSet {
        ccw TRUE
        solid FALSE
        coord DEF co Coordinate {
            point [
                -0.7283 1.4567 0.4291, -0.7283 1.1378 0.4291, -0.6496 1.4567 0.4291, -0.6496 1.1378 0.4291, -0.7283 1.4567 0.3937, -0.6496 1.4567 0.3937, -0.7283 1.122 0.3937, -0.6496 1.122 0.3937, -0.6496 1.117 0.3944, -0.7283 1.117 0.3944, -0.6496 1.1122 0.3963, -0.7283 1.1122 0.3963, -0.6496 1.1081 0.3995, -0.7283 1.1081 0.3995, -0.6496 1.105 0.4035, -0.7283 1.105 0.4035, -0.6496 1.103 0.4083, -0.7283 1.103 0.4083, -0.6496 1.1024 0.4134, -0.7283 1.1024 0.4134, -0.7283 1.1024 0.5085, -0.6496 1.1024 0.5085, -0.7283 1.1378 0.5085, -0.6496 1.1378 0.5085, 0.7283 1.1378 0.4291, 0.7283 1.4567 0.4291, 0.6496 1.1378 0.4291, 0.6496 1.4567 0.4291, 0.7283 1.4567 0.3937, 0.6496 1.4567 0.3937, 0.7283 1.122 0.3937, 0.6496 1.122 0.3937, 0.7283 1.1024 0.4134, 0.6496 1.1024 0.4134, 0.6496 1.103 0.4083, 0.7283 1.103 0.4083, 0.6496 1.105 0.4035, 0.7283 1.105 0.4035, 0.6496 1.1081 0.3995, 0.7283 1.1081 0.3995, 0.6496 1.1122 0.3963, 0.7283 1.1122 0.3963, 0.6496 1.117 0.3944, 0.7283 1.117 0.3944, 0.7283 1.1024 0.5085, 0.6496 1.1024 0.5085, 0.7283 1.1378 0.5085, 0.6496 1.1378 0.5085, 0.3346 1.1378 0.4291, 0.3346 1.4567 0.4291, 0.2559 1.1378 0.4291, 0.2559 1.4567 0.4291, 0.3346 1.4567 0.3937, 0.2559 1.4567 0.3937, 0.3346 1.122 0.3937, 0.2559 1.122 0.3937, 0.3346 1.1024 0.4134, 0.2559 1.1024 0.4134, 0.2559 1.103 0.4083, 0.3346 1.103 0.4083, 0.2559 1.105 0.4035, 0.3346 1.105 0.4035, 0.2559 1.1081 0.3995, 0.3346 1.1081 0.3995, 0.2559 1.1122 0.3963, 0.3346 1.1122 0.3963, 0.2559 1.117 0.3944, 0.3346 1.117 0.3944, 0.3346 1.1024 0.5085, 0.2559 1.1024 0.5085, 0.3346 1.1378 0.5085, 0.2559 1.1378 0.5085, -0.0591 -0.315 0.5236, -0.0591 -0.315 0.4843, -0.1772 -0.315 0.5236, -0.1772 -0.315 0.4843, -0.0591 -1.2402 0.5236, -0.1772 -1.2402 0.5236, -0.0591 -1.2402 0.4843, -0.1772 -1.2402 0.4843, 0.5315 1.1378 0.4291, 0.5315 1.4567 0.4291, 0.4528 1.1378 0.4291, 0.4528 1.4567 0.4291, 0.5315 1.4567 0.3937, 0.4528 1.4567 0.3937, 0.5315 1.122 0.3937, 0.4528 1.122 0.3937, 0.5315 1.1024 0.4134, 0.4528 1.1024 0.4134, 0.4528 1.103 0.4083, 0.5315 1.103 0.4083, 0.4528 1.105 0.4035, 0.5315 1.105 0.4035, 0.4528 1.1081 0.3995, 0.5315 1.1081 0.3995, 0.4528 1.1122 0.3963, 0.5315 1.1122 0.3963, 0.4528 1.117 0.3944, 0.5315 1.117 0.3944, 0.5315 1.1024 0.5085, 0.4528 1.1024 0.5085, 0.5315 1.1378 0.5085, 0.4528 1.1378 0.5085, -0.1378 1.4567 0.4291, -0.1378 1.1378 0.4291, -0.0591 1.4567 0.4291, -0.0591 1.1378 0.4291, -0.1378 1.4567 0.3937, -0.0591 1.4567 0.3937, -0.1378 1.122 0.3937, -0.0591 1.122 0.3937, -0.0591 1.117 0.3944, -0.1378 1.117 0.3944, -0.0591 1.1122 0.3963, -0.1378 1.1122 0.3963, -0.0591 1.1081 0.3995, -0.1378 1.1081 0.3995, -0.0591 1.105 0.4035, -0.1378 1.105 0.4035, -0.0591 1.103 0.4083, -0.1378 1.103 0.4083, -0.0591 1.1024 0.4134, -0.1378 1.1024 0.4134, -0.1378 1.1024 0.5085, -0.0591 1.1024 0.5085, -0.1378 1.1378 0.5085, -0.0591 1.1378 0.5085, 1.1791 1.1378 0.5085, 1.1791 1.1024 0.5085, 1.2579 1.1378 0.5085, 1.2579 1.1024 0.5085, 1.1791 1.1024 0.4134, 1.2579 1.1024 0.4134, 1.1791 1.122 0.3937, 1.2579 1.122 0.3937, 1.2579 1.117 0.3944, 1.1791 1.117 0.3944, 1.2579 1.1122 0.3963, 1.1791 1.1122 0.3963, 1.2579 1.1081 0.3995, 1.1791 1.1081 0.3995, 1.2579 1.105 0.4035, 1.1791 1.105 0.4035, 1.2579 1.103 0.4083, 1.1791 1.103 0.4083, 1.1791 1.4567 0.3937, 1.2579 1.4567 0.3937, 1.1791 1.4567 0.4291, 1.2579 1.4567 0.4291, 1.1791 1.1378 0.4291, 1.2579 1.1378 0.4291, -0.5315 -1.2402 0.7205, -0.5315 -0.315 0.7205, -0.4134 -1.2402 0.7205, -0.4134 -0.315 0.7205, -0.4134 -0.315 0.7598, -0.5315 -0.315 0.7598, -0.4134 -1.2402 0.7598, -0.5315 -1.2402 0.7598, -0.1772 -1.1811 0.7205, -0.1772 -0.315 0.7205, -0.0591 -1.1811 0.7205, -0.0591 -0.315 0.7205, -0.0591 -0.315 0.7598, -0.1772 -0.315 0.7598, -0.0591 -1.1811 0.7598, -0.1772 -1.1811 0.7598, -0.9843 -0.315 0.5236, -0.9843 -0.315 0.4843, -1.1024 -0.315 0.5236, -1.1024 -0.315 0.4843, -0.9843 -1.2402 0.5236, -1.1024 -1.2402 0.5236, -0.9843 -1.2402 0.4843, -1.1024 -1.2402 0.4843, 0.8642 1.1378 0.4291, 0.8642 1.1378 0.5085, 0.9429 1.1378 0.4291, 0.9429 1.1378 0.5085, 0.8642 1.1024 0.5085, 0.9429 1.1024 0.5085, 0.8642 1.1024 0.4134, 0.9429 1.1024 0.4134, 0.8642 1.122 0.3937, 0.9429 1.122 0.3937, 0.9429 1.117 0.3944, 0.8642 1.117 0.3944, 0.9429 1.1122 0.3963, 0.8642 1.1122 0.3963, 0.9429 1.1081 0.3995, 0.8642 1.1081 0.3995, 0.9429 1.105 0.4035, 0.8642 1.105 0.4035, 0.9429 1.103 0.4083, 0.8642 1.103 0.4083, 0.8642 1.4567 0.3937, 0.9429 1.4567 0.3937, 0.8642 1.4567 0.4291, 0.9429 1.4567 0.4291, 0.9429 1.4567 0.4291
            ]
        }
        coordIndex [
            0,1,2,-1,2,1,3,-1,4,0,5,-1,5,0,2,-1,6,4,7,-1,7,4,5,-1,6,7,8,-1,6,8,9,-1,9,8,10,-1,9,10,11,-1,11,10,12,-1,11,12,13,-1,13,12,14,-1,13,14,15,-1,15,14,16,-1,15,16,17,-1,17,16,18,-1,17,18,19,-1,20,19,21,-1,21,19,18,-1,22,20,23,-1,23,20,21,-1,1,22,3,-1,3,22,23,-1,20,22,19,-1,19,22,1,-1,0,4,1,-1,1,4,6,-1,13,15,1,-1,1,15,17,-1,1,17,19,-1,6,9,1,-1,1,9,11,-1,1,11,13,-1,3,12,10,-1,23,21,3,-1,3,21,18,-1,5,2,7,-1,7,2,3,-1,7,3,8,-1,8,3,10,-1,18,16,3,-1,3,16,14,-1,3,14,12,-1,24,25,26,-1,26,25,27,-1,25,28,27,-1,27,28,29,-1,28,30,29,-1,29,30,31,-1,32,33,34,-1,32,34,35,-1,35,34,36,-1,35,36,37,-1,37,36,38,-1,37,38,39,-1,39,38,40,-1,39,40,41,-1,41,40,42,-1,41,42,43,-1,43,42,31,-1,43,31,30,-1,32,44,33,-1,33,44,45,-1,44,46,45,-1,45,46,47,-1,46,24,47,-1,47,24,26,-1,24,39,41,-1,46,44,24,-1,24,44,32,-1,28,25,30,-1,30,25,24,-1,30,24,43,-1,43,24,41,-1,32,35,24,-1,24,35,37,-1,24,37,39,-1,45,47,33,-1,33,47,26,-1,27,29,26,-1,26,29,31,-1,38,36,26,-1,26,36,34,-1,26,34,33,-1,31,42,26,-1,26,42,40,-1,26,40,38,-1,48,49,50,-1,50,49,51,-1,49,52,51,-1,51,52,53,-1,52,54,53,-1,53,54,55,-1,56,57,58,-1,56,58,59,-1,59,58,60,-1,59,60,61,-1,61,60,62,-1,61,62,63,-1,63,62,64,-1,63,64,65,-1,65,64,66,-1,65,66,67,-1,67,66,55,-1,67,55,54,-1,56,68,57,-1,57,68,69,-1,68,70,69,-1,69,70,71,-1,70,48,71,-1,71,48,50,-1,48,63,65,-1,70,68,48,-1,48,68,56,-1,52,49,54,-1,54,49,48,-1,54,48,67,-1,67,48,65,-1,56,59,48,-1,48,59,61,-1,48,61,63,-1,69,71,57,-1,57,71,50,-1,57,50,58,-1,58,50,60,-1,51,53,50,-1,50,53,55,-1,50,55,66,-1,66,64,50,-1,50,64,62,-1,50,62,60,-1,72,73,74,-1,74,73,75,-1,76,72,77,-1,77,72,74,-1,78,73,76,-1,76,73,72,-1,79,75,78,-1,78,75,73,-1,77,74,79,-1,79,74,75,-1,76,77,78,-1,78,77,79,-1,80,81,82,-1,82,81,83,-1,81,84,83,-1,83,84,85,-1,84,86,85,-1,85,86,87,-1,88,89,90,-1,88,90,91,-1,91,90,92,-1,91,92,93,-1,93,92,94,-1,93,94,95,-1,95,94,96,-1,95,96,97,-1,97,96,98,-1,97,98,99,-1,99,98,87,-1,99,87,86,-1,88,100,89,-1,89,100,101,-1,100,102,101,-1,101,102,103,-1,102,80,103,-1,103,80,82,-1,80,95,97,-1,102,100,80,-1,80,100,88,-1,84,81,86,-1,86,81,80,-1,86,80,99,-1,99,80,97,-1,88,91,80,-1,80,91,93,-1,80,93,95,-1,101,103,89,-1,89,103,82,-1,83,85,82,-1,82,85,87,-1,94,92,82,-1,82,92,90,-1,82,90,89,-1,87,98,82,-1,82,98,96,-1,82,96,94,-1,104,105,106,-1,106,105,107,-1,108,104,109,-1,109,104,106,-1,110,108,111,-1,111,108,109,-1,110,111,112,-1,110,112,113,-1,113,112,114,-1,113,114,115,-1,115,114,116,-1,115,116,117,-1,117,116,118,-1,117,118,119,-1,119,118,120,-1,119,120,121,-1,121,120,122,-1,121,122,123,-1,124,123,125,-1,125,123,122,-1,126,124,127,-1,127,124,125,-1,105,126,107,-1,107,126,127,-1,124,126,123,-1,123,126,105,-1,104,108,105,-1,105,108,110,-1,117,119,105,-1,105,119,121,-1,105,121,123,-1,110,113,105,-1,105,113,115,-1,105,115,117,-1,107,116,114,-1,127,125,107,-1,107,125,122,-1,109,106,111,-1,111,106,107,-1,111,107,112,-1,112,107,114,-1,122,120,107,-1,107,120,118,-1,107,118,116,-1,128,129,130,-1,130,129,131,-1,129,132,131,-1,131,132,133,-1,134,135,136,-1,134,136,137,-1,137,136,138,-1,137,138,139,-1,139,138,140,-1,139,140,141,-1,141,140,142,-1,141,142,143,-1,143,142,144,-1,143,144,145,-1,145,144,133,-1,145,133,132,-1,134,146,135,-1,135,146,147,-1,146,148,147,-1,147,148,149,-1,148,150,149,-1,149,150,151,-1,150,128,151,-1,151,128,130,-1,129,128,132,-1,132,128,150,-1,148,146,150,-1,150,146,134,-1,141,143,150,-1,150,143,145,-1,150,145,132,-1,134,137,150,-1,150,137,139,-1,150,139,141,-1,130,131,151,-1,151,131,133,-1,151,133,144,-1,147,149,135,-1,135,149,151,-1,135,151,136,-1,136,151,138,-1,144,142,151,-1,151,142,140,-1,151,140,138,-1,152,153,154,-1,154,153,155,-1,156,157,158,-1,158,157,159,-1,153,157,155,-1,155,157,156,-1,159,157,152,-1,152,157,153,-1,155,156,154,-1,154,156,158,-1,159,152,158,-1,158,152,154,-1,160,161,162,-1,162,161,163,-1,164,165,166,-1,166,165,167,-1,161,165,163,-1,163,165,164,-1,167,165,160,-1,160,165,161,-1,163,164,162,-1,162,164,166,-1,167,160,166,-1,166,160,162,-1,168,169,170,-1,170,169,171,-1,172,168,173,-1,173,168,170,-1,174,169,172,-1,172,169,168,-1,175,171,174,-1,174,171,169,-1,173,170,175,-1,175,170,171,-1,172,173,174,-1,174,173,175,-1,176,177,178,-1,178,177,179,-1,177,180,179,-1,179,180,181,-1,180,182,181,-1,181,182,183,-1,184,185,186,-1,184,186,187,-1,187,186,188,-1,187,188,189,-1,189,188,190,-1,189,190,191,-1,191,190,192,-1,191,192,193,-1,193,192,194,-1,193,194,195,-1,195,194,183,-1,195,183,182,-1,184,196,185,-1,185,196,197,-1,196,198,197,-1,197,198,199,-1,198,176,199,-1,199,176,178,-1,180,177,182,-1,182,177,176,-1,198,196,176,-1,176,196,184,-1,191,193,176,-1,176,193,195,-1,176,195,182,-1,184,187,176,-1,176,187,189,-1,176,189,191,-1,179,181,178,-1,178,181,183,-1,178,183,194,-1,197,199,185,-1,185,199,178,-1,185,178,186,-1,186,178,188,-1,194,192,178,-1,178,192,190,-1,178,190,188,-1,
        ]
    }
}
Shape{
    appearance Appearance {
        material  Material 	{
            diffuseColor 0.25098039215686274 0.25098039215686274 0.25098039215686274
            specularColor 0.12549019607843137 0.12549019607843137 0.12549019607843137
            ambientIntensity 0.2
            transparency 0
            shininess 0.5
        }
    }
    geometry IndexedFaceSet {
        ccw TRUE
        solid FALSE
        coord DEF co Coordinate {
            point [
                -0.5512 -0.315 0.4843, -0.5512 -1.2598 0.4843, -0.9646 -0.315 0.4843, -0.9646 -1.2598 0.4843, -1.2354 -0.9103 0.4843, -1.2166 -0.8858 0.4843, -1.122 -1.2598 0.4843, -1.3189 -1.063 0.4843, -1.3189 -0.9449 0.4843, -1.2345 -1.2598 0.4843, -1.2883 -0.9409 0.4843, -1.2598 -0.9291 0.4843, -1.2008 -0.315 0.4843, -1.122 -0.315 0.4843, -1.2008 -0.8268 0.4843, -1.2048 -0.8573 0.4843, -0.3937 -1.2598 0.4843, -0.3937 -0.315 0.4843, -0.374 -1.2598 0.4843, -0.374 -0.315 0.4843, -0.1969 -0.315 0.4843, -0.1969 -1.2598 0.4843, -0.2165 -0.315 0.4843, -0.2165 -1.2598 0.4843, -0.9646 -1.3386 0.563, -0.5512 -1.3386 0.563, -1.122 -1.3101 0.5345, -1.2318 -1.2662 0.4906, -0.374 -1.3386 0.563, -0.3937 -1.3386 0.563, -0.2165 -1.3386 0.563, -0.1969 -1.3386 0.563, -1.2318 -1.2662 0.7535, -1.122 -1.3101 0.563, -1.122 -1.3101 0.7096, -1.122 -1.3101 0.6811, -1.0509 -1.3386 0.6811, -1.0509 -1.3386 0.563, -0.0394 -1.2598 0.4843, -0.0394 -0.315 0.4843, 0.0394 -1.2598 0.4843, 0.0394 -0.315 0.4843, 0.2165 -0.315 0.4843, 0.2165 -1.2598 0.4843, 0.1969 -0.315 0.4843, 0.1969 -1.2598 0.4843, 1.122 -1.2598 0.4843, 1.2048 -0.8573 0.4843, 1.2166 -0.8858 0.4843, 1.2008 -0.8268 0.4843, 1.122 -0.315 0.4843, 1.2008 -0.315 0.4843, 1.3189 -0.9449 0.4843, 1.3189 -1.063 0.4843, 1.2883 -0.9409 0.4843, 1.2345 -1.2598 0.4843, 1.2598 -0.9291 0.4843, 1.2354 -0.9103 0.4843, 0.5512 -1.2598 0.4843, 0.5512 -0.315 0.4843, 0.9646 -1.2598 0.4843, 0.9646 -0.315 0.4843, 0.374 -1.2598 0.4843, 0.374 -0.315 0.4843, 0.3937 -1.2598 0.4843, 0.3937 -0.315 0.4843, 0.0394 -1.3386 0.563, -0.0394 -1.3386 0.563, 0.1969 -1.3386 0.563, 0.2165 -1.3386 0.563, 1.122 -1.3101 0.5345, 1.2318 -1.2662 0.4906, 0.9646 -1.3386 0.563, 0.5512 -1.3386 0.563, 0.3937 -1.3386 0.563, 0.374 -1.3386 0.563, 1.122 -1.3101 0.563, 1.2318 -1.2662 0.7535, 1.122 -1.3101 0.7096, 1.122 -1.3101 0.6811, 1.0509 -1.3386 0.6811, 1.0509 -1.3386 0.563, -0.2833 0.8268 1.126, -0.2833 1.1417 1.126, -0.677 0.8268 0.8987, -0.677 1.1417 0.8987, 0.0591 -0.315 0.7598, 0.0394 -0.315 0.7598, 0.0591 -0.315 0.7205, 0.0394 -0.315 0.6811, 0.1772 -0.315 0.7205, 0.1969 -0.315 0.6811, 0.1772 -0.315 0.7598, 0.1969 -0.315 0.7598, 0.4134 -0.315 0.7598, 0.3937 -0.315 0.7598, 0.4134 -0.315 0.7205, 0.3937 -0.315 0.6811, 0.5315 -0.315 0.7205, 0.5512 -0.315 0.6811, 0.5315 -0.315 0.7598, 0.5512 -0.315 0.7598, 0.2362 -0.315 0.7598, 0.2165 -0.315 0.7598, 0.2362 -0.315 0.7205, 0.2165 -0.315 0.6811, 0.3543 -0.315 0.7205, 0.374 -0.315 0.6811, 0.3543 -0.315 0.7598, 0.374 -0.315 0.7598, 1.6154 0.748 0.0984, 1.635 0.748 0.1459, 1.3976 0.748 0.4055, 1.6417 0.748 0.1969, 1.3976 0.748 0.8386, 1.6417 0.748 0.8504, 1.6323 0.748 0.9217, -1.5433 0.748 0.0264, -1.4958 0.748 0.0067, -1.3976 0.748 0.4055, -1.4449 0.748 0.0, 1.4449 0.748 0.0, 1.4958 0.748 0.0067, 1.6048 0.748 0.9882, 1.561 0.748 1.0453, 1.5039 0.748 1.0891, -1.635 0.748 0.1459, -1.6154 0.748 0.0984, -1.5841 0.748 0.0577, -1.6048 0.748 0.9882, -1.6323 0.748 0.9217, -1.3976 0.748 0.8386, -1.6417 0.748 0.8504, -1.6417 0.748 0.1969, -1.4375 0.748 1.1166, -1.5039 0.748 1.0891, -1.561 0.748 1.0453, 1.4375 0.748 1.1166, 1.3661 0.748 1.126, -1.3661 0.748 1.126, 1.5433 0.748 0.0264, 1.5841 0.748 0.0577, -1.3661 1.1417 1.126, -0.8661 1.1417 1.126, -0.8661 1.1417 0.8754, -1.4375 1.1417 1.1166, -1.6417 1.1417 0.8504, -1.6417 1.1417 0.1969, -1.635 1.1417 0.1459, -1.6048 1.1417 0.9882, -1.561 1.1417 1.0453, -1.5039 1.1417 1.0891, 1.4449 1.1417 0.0, -1.4449 1.1417 -0.0, -1.4958 1.1417 0.0067, -1.5433 1.1417 0.0264, -1.5841 1.1417 0.0577, -1.6154 1.1417 0.0984, 0.2833 1.1417 1.126, 0.677 1.1417 0.8987, 0.677 1.1417 0.8754, -0.677 1.1417 0.8754, 1.6417 1.1417 0.8504, 1.6417 1.1417 0.1969, 1.3661 1.1417 1.126, -1.6323 1.1417 0.9217, 0.8661 1.1417 0.8754, 1.6154 1.1417 0.0984, 1.5841 1.1417 0.0577, 0.8661 1.1417 1.126, 1.635 1.1417 0.1459, 1.4958 1.1417 0.0067, 1.5433 1.1417 0.0264, 1.4375 1.1417 1.1166, 1.5039 1.1417 1.0891, 1.6323 1.1417 0.9217, 1.561 1.1417 1.0453, 1.6048 1.1417 0.9882, -1.1024 -0.315 0.7598, -1.122 -0.315 0.7598, -1.1024 -0.315 0.7205, -1.122 -0.315 0.6811, -0.9843 -0.315 0.7205, -0.9646 -0.315 0.6811, -0.9843 -0.315 0.7598, -0.9646 -0.315 0.7598, -1.2048 -0.8573 0.7598, -1.2166 -0.8858 0.7598, -1.122 -1.2598 0.7598, -1.3189 -0.9449 0.7598, -1.3189 -1.063 0.7598, -1.2883 -0.9409 0.7598, -1.2345 -1.2598 0.7598, -1.2598 -0.9291 0.7598, -1.2354 -0.9103 0.7598, -1.2008 -0.8268 0.7598, -1.2008 -0.315 0.7598, -0.5512 -1.2598 0.7598, -0.5512 -0.315 0.7598, -0.9646 -1.2598 0.7598, -0.9646 -1.3386 0.6811, -0.5512 -1.3386 0.6811, -0.3937 -0.315 0.7598, -0.3937 -1.2598 0.7598, -0.374 -0.315 0.7598, -0.374 -1.2598 0.7598, -0.374 -1.3386 0.6811, -0.3937 -1.3386 0.6811, -0.2165 -1.2598 0.7598, -0.1969 -1.2598 0.7598, -0.2165 -0.315 0.7598, -0.1969 -0.315 0.7598, -0.1969 -1.3386 0.6811, -0.2165 -1.3386 0.6811, 0.8661 0.8268 1.126, 0.2833 0.8268 1.126, -0.8661 0.8268 1.126, 1.2795 -0.2362 0.8386, 1.3976 -0.2362 0.8386, -1.2795 -0.2362 0.8386, -1.3976 -0.2362 0.8386, -1.3976 -0.2362 0.4055, -1.2795 -0.2362 0.4055, 1.2795 -0.2362 0.4055, 1.3976 -0.2362 0.4055, -0.0394 -1.2598 0.7598, 0.0394 -1.2598 0.7598, -0.0394 -0.315 0.7598, -0.0394 -1.3386 0.6811, 0.0394 -1.3386 0.6811, 0.1969 -1.3386 0.6811, 0.2165 -1.3386 0.6811, 0.374 -1.3386 0.6811, 0.3937 -1.3386 0.6811, 0.5512 -1.3386 0.6811, 0.9646 -1.3386 0.6811, 0.9646 -1.3386 0.6811
            ]
        }
        coordIndex [
            0,1,2,-1,2,1,3,-1,4,5,6,-1,7,8,9,-1,9,8,10,-1,9,10,6,-1,6,10,11,-1,6,11,4,-1,12,13,14,-1,14,13,6,-1,14,6,15,-1,15,6,5,-1,16,17,18,-1,18,17,19,-1,20,21,22,-1,22,21,23,-1,3,1,24,-1,24,1,25,-1,26,27,6,-1,6,27,9,-1,28,29,18,-1,18,29,16,-1,23,21,30,-1,30,21,31,-1,27,26,32,-1,32,26,33,-1,34,32,35,-1,35,32,33,-1,35,33,36,-1,36,33,37,-1,38,39,40,-1,40,39,41,-1,42,43,44,-1,44,43,45,-1,46,47,48,-1,47,46,49,-1,49,46,50,-1,49,50,51,-1,52,53,54,-1,54,53,55,-1,54,55,56,-1,56,55,46,-1,56,46,57,-1,57,46,48,-1,58,59,60,-1,60,59,61,-1,62,63,64,-1,64,63,65,-1,66,67,40,-1,40,67,38,-1,45,43,68,-1,68,43,69,-1,46,55,70,-1,70,55,71,-1,72,73,60,-1,60,73,58,-1,74,75,64,-1,64,75,62,-1,76,70,71,-1,77,78,79,-1,80,81,79,-1,79,81,76,-1,79,76,77,-1,77,76,71,-1,82,83,84,-1,84,83,85,-1,86,87,88,-1,88,87,89,-1,88,89,90,-1,90,89,91,-1,90,91,92,-1,92,91,93,-1,94,95,96,-1,96,95,97,-1,96,97,98,-1,98,97,99,-1,98,99,100,-1,100,99,101,-1,102,103,104,-1,104,103,105,-1,104,105,106,-1,106,105,107,-1,106,107,108,-1,108,107,109,-1,110,111,112,-1,112,111,113,-1,112,113,114,-1,114,113,115,-1,114,115,116,-1,117,118,119,-1,119,118,120,-1,119,120,112,-1,112,120,121,-1,112,121,122,-1,116,123,114,-1,114,123,124,-1,114,124,125,-1,126,127,119,-1,119,127,128,-1,119,128,117,-1,129,130,131,-1,131,130,132,-1,131,132,119,-1,119,132,133,-1,119,133,126,-1,134,135,131,-1,131,135,136,-1,131,136,129,-1,125,137,114,-1,114,137,138,-1,114,138,131,-1,131,138,139,-1,131,139,134,-1,122,140,112,-1,112,140,141,-1,112,141,110,-1,142,143,144,-1,145,142,146,-1,146,142,147,-1,147,142,144,-1,147,144,148,-1,149,150,151,-1,152,153,144,-1,144,153,154,-1,144,154,155,-1,155,156,144,-1,144,156,157,-1,144,157,148,-1,158,159,83,-1,83,159,160,-1,83,160,85,-1,85,160,161,-1,162,163,164,-1,145,146,151,-1,151,146,165,-1,151,165,149,-1,166,167,168,-1,166,169,167,-1,167,169,164,-1,167,164,170,-1,170,164,163,-1,144,161,152,-1,152,161,160,-1,152,160,171,-1,171,160,166,-1,171,166,172,-1,172,166,168,-1,164,173,162,-1,162,173,174,-1,162,174,175,-1,175,174,176,-1,175,176,177,-1,133,132,147,-1,147,132,146,-1,178,179,180,-1,180,179,181,-1,180,181,182,-1,182,181,183,-1,182,183,184,-1,184,183,185,-1,186,187,188,-1,189,190,191,-1,191,190,192,-1,191,192,193,-1,193,192,188,-1,193,188,194,-1,194,188,187,-1,186,188,195,-1,195,188,179,-1,195,179,196,-1,197,198,199,-1,199,198,185,-1,188,192,34,-1,34,192,32,-1,200,201,199,-1,199,201,197,-1,202,203,204,-1,204,203,205,-1,205,203,206,-1,206,203,207,-1,208,209,210,-1,210,209,211,-1,212,209,213,-1,213,209,208,-1,139,142,145,-1,139,145,134,-1,134,145,151,-1,134,151,135,-1,135,151,150,-1,135,150,136,-1,136,150,149,-1,136,149,129,-1,129,149,165,-1,129,165,130,-1,130,165,146,-1,130,146,132,-1,164,169,138,-1,138,169,214,-1,158,83,215,-1,215,83,82,-1,143,142,216,-1,216,142,139,-1,216,139,82,-1,82,139,138,-1,82,138,215,-1,215,138,214,-1,217,218,114,-1,217,114,219,-1,219,114,131,-1,219,131,220,-1,221,220,119,-1,119,220,131,-1,221,119,222,-1,222,119,112,-1,222,112,223,-1,223,112,224,-1,219,220,222,-1,222,220,221,-1,190,189,7,-1,7,189,8,-1,225,226,227,-1,227,226,87,-1,36,37,200,-1,200,37,24,-1,200,24,201,-1,201,24,25,-1,201,25,207,-1,207,25,29,-1,207,29,206,-1,206,29,28,-1,206,28,213,-1,213,28,30,-1,213,30,212,-1,212,30,31,-1,212,31,228,-1,228,31,67,-1,228,67,229,-1,229,67,66,-1,229,66,230,-1,230,66,68,-1,230,68,231,-1,231,68,69,-1,231,69,232,-1,232,69,75,-1,232,75,233,-1,233,75,74,-1,233,74,234,-1,234,74,73,-1,234,73,235,-1,235,73,72,-1,235,72,80,-1,80,72,81,-1,12,14,196,-1,196,14,195,-1,
        ]
    }
}
Shape{
    appearance Appearance {
        material  Material 	{
            diffuseColor 0.792156862745098 0.8196078431372549 0.9333333333333333
            specularColor 0.396078431372549 0.4117647058823529 0.4666666666666667
            ambientIntensity 0.2
            transparency 0
            shininess 0.5
        }
    }
    geometry IndexedFaceSet {
        ccw TRUE
        solid FALSE
        coord DEF co Coordinate {
            point [
                -1.2008 -0.8268 0.7598, -1.2008 -0.8268 0.4843, -1.2048 -0.8573 0.7598, -1.2048 -0.8573 0.4843, -1.2166 -0.8858 0.7598, -1.2166 -0.8858 0.4843, -1.2354 -0.9103 0.7598, -1.2354 -0.9103 0.4843, -1.2598 -0.9291 0.7598, -1.2598 -0.9291 0.4843, -1.2883 -0.9409 0.7598, -1.2883 -0.9409 0.4843, -1.3189 -0.9449 0.7598, -1.3189 -0.9449 0.4843, -1.3189 -0.9449 0.4843
            ]
        }
        coordIndex [
            0,1,2,-1,2,1,3,-1,2,3,4,-1,4,3,5,-1,4,5,6,-1,6,5,7,-1,6,7,8,-1,8,7,9,-1,8,9,10,-1,10,9,11,-1,10,11,12,-1,12,11,13,-1,
        ]
    }
}
Shape{
    appearance Appearance {
        material  Material 	{
            diffuseColor 0.25098039215686274 0.25098039215686274 0.25098039215686274
            specularColor 0.12549019607843137 0.12549019607843137 0.12549019607843137
            ambientIntensity 0.2
            transparency 0
            shininess 0.5
        }
    }
    geometry IndexedFaceSet {
        ccw TRUE
        solid FALSE
        coord DEF co Coordinate {
            point [
                -1.3189 -1.063 0.7598, -1.3189 -1.063 0.4843, -1.2345 -1.2598 0.4843, -1.2318 -1.2662 0.4906, -1.2318 -1.2662 0.7535, -1.2345 -1.2598 0.7598, 0.0394 -1.3386 0.6811, 0.0394 -1.2598 0.7598, -0.0394 -1.3386 0.6811, -0.0394 -1.2598 0.7598, -1.2795 -0.2362 0.4055, -1.2008 -0.315 0.4843, -1.2795 -0.2362 0.8386, -1.2008 -0.315 0.7598, -0.1969 -0.315 0.4843, -0.2165 -0.315 0.4843, -0.374 -0.315 0.4843, -0.3937 -0.315 0.4843, -0.5512 -0.315 0.4843, -0.9646 -0.315 0.4843, -1.122 -0.315 0.4843, 0.9646 -0.315 0.4843, 1.2795 -0.2362 0.4055, 1.122 -0.315 0.4843, 1.2008 -0.315 0.4843, 0.0394 -0.315 0.4843, -0.0394 -0.315 0.4843, 0.5512 -0.315 0.4843, 0.3937 -0.315 0.4843, 0.374 -0.315 0.4843, 0.2165 -0.315 0.4843, 0.1969 -0.315 0.4843, 1.2795 -0.2362 0.8386, 0.4134 -0.315 0.7598, 0.5315 -0.315 0.7598, -0.2165 -0.315 0.7598, -0.1969 -0.315 0.7598, -1.122 -0.315 0.7598, -1.1024 -0.315 0.7598, 0.1772 -0.315 0.7598, 0.1969 -0.315 0.7598, 0.9843 -0.315 0.7598, 1.1024 -0.315 0.7598, 1.122 -0.315 0.7598, 1.2008 -0.315 0.7598, -0.9843 -0.315 0.7598, -0.9646 -0.315 0.7598, -0.5512 -0.315 0.7598, -0.3937 -0.315 0.7598, -0.374 -0.315 0.7598, 0.5512 -0.315 0.7598, 0.9646 -0.315 0.7598, 0.2165 -0.315 0.7598, 0.2362 -0.315 0.7598, 0.3543 -0.315 0.7598, 0.374 -0.315 0.7598, 0.3937 -0.315 0.7598, -0.0394 -0.315 0.7598, 0.0394 -0.315 0.7598, 0.0591 -0.315 0.7598, -0.1969 -1.3386 0.6811, -0.1969 -0.315 0.6811, -0.0394 -0.315 0.6811, -0.1969 -1.2598 0.7598, -0.3937 -0.315 0.6811, -0.5512 -0.315 0.6811, -0.3937 -1.3386 0.6811, -0.5512 -1.3386 0.6811, -0.5512 -1.2598 0.7598, -0.3937 -1.2598 0.7598, -0.374 -1.3386 0.6811, -0.2165 -1.3386 0.6811, -0.374 -0.315 0.6811, -0.2165 -0.315 0.6811, -0.374 -1.2598 0.7598, -0.2165 -1.2598 0.7598, -0.9646 -1.3386 0.6811, -0.9646 -0.315 0.6811, -1.0509 -1.3386 0.6811, -1.122 -0.315 0.6811, -1.122 -1.3101 0.6811, -1.122 -1.2598 0.7598, -1.122 -1.3101 0.7096, -0.9646 -1.2598 0.7598, -0.9646 -1.2598 0.7598
            ]
        }
        coordIndex [
            0,1,2,-1,3,4,2,-1,2,4,5,-1,2,5,0,-1,6,7,8,-1,8,7,9,-1,10,11,12,-1,12,11,13,-1,10,14,15,-1,15,16,10,-1,10,16,17,-1,10,17,18,-1,18,19,10,-1,10,19,20,-1,10,20,11,-1,21,22,23,-1,23,22,24,-1,22,25,10,-1,10,25,26,-1,10,26,14,-1,21,27,22,-1,22,27,28,-1,22,28,29,-1,29,30,22,-1,22,30,31,-1,22,31,25,-1,32,33,34,-1,35,36,12,-1,13,37,12,-1,12,37,38,-1,39,40,32,-1,41,42,32,-1,32,42,43,-1,32,43,44,-1,38,45,12,-1,12,45,46,-1,12,46,47,-1,47,48,12,-1,12,48,49,-1,12,49,35,-1,34,50,32,-1,32,50,51,-1,32,51,41,-1,40,52,32,-1,32,52,53,-1,32,53,54,-1,54,55,32,-1,32,55,56,-1,32,56,33,-1,36,57,12,-1,12,57,58,-1,12,58,32,-1,32,58,59,-1,32,59,39,-1,60,8,61,-1,61,8,62,-1,61,62,36,-1,36,62,57,-1,36,63,61,-1,61,63,60,-1,57,62,9,-1,9,62,8,-1,64,65,66,-1,66,65,67,-1,65,64,47,-1,47,64,48,-1,47,68,65,-1,65,68,67,-1,48,64,69,-1,69,64,66,-1,70,71,72,-1,72,71,73,-1,72,73,49,-1,49,73,35,-1,49,74,72,-1,72,74,70,-1,35,73,75,-1,75,73,71,-1,76,77,78,-1,78,77,79,-1,78,79,80,-1,79,37,80,-1,80,37,81,-1,80,81,82,-1,77,76,46,-1,46,76,83,-1,
        ]
    }
}
Shape{
    appearance Appearance {
        material  Material 	{
            diffuseColor 1.0 1.0 0.0
            specularColor 0.5019607843137255 0.5019607843137255 0.0
            ambientIntensity 0.2
            transparency 0
            shininess 0.5
        }
    }
    geometry IndexedFaceSet {
        ccw TRUE
        solid FALSE
        coord DEF co Coordinate {
            point [
                -1.1024 -1.2402 0.7598, -1.1024 -0.315 0.7598, -1.1024 -1.2402 0.7205, -1.1024 -0.315 0.7205, -0.9843 -1.2402 0.7205, -0.9843 -0.315 0.7205, -0.9843 -1.2402 0.7598, -0.9843 -0.315 0.7598, -0.9843 -0.315 0.7598
            ]
        }
        coordIndex [
            0,1,2,-1,2,1,3,-1,2,3,4,-1,4,3,5,-1,4,5,6,-1,6,5,7,-1,6,7,0,-1,0,7,1,-1,0,2,6,-1,6,2,4,-1,
        ]
    }
}
Shape{
    appearance Appearance {
        material  Material 	{
            diffuseColor 0.25098039215686274 0.25098039215686274 0.25098039215686274
            specularColor 0.12549019607843137 0.12549019607843137 0.12549019607843137
            ambientIntensity 0.2
            transparency 0
            shininess 0.5
        }
    }
    geometry IndexedFaceSet {
        ccw TRUE
        solid FALSE
        coord DEF co Coordinate {
            point [
                1.6417 1.1417 0.1969, 1.6417 1.1417 0.8504, 1.6417 0.748 0.1969, 1.6417 0.748 0.8504, 0.9843 -0.315 0.7598, 0.9646 -0.315 0.7598, 0.9843 -0.315 0.7205, 0.9646 -0.315 0.6811, 1.1024 -0.315 0.7205, 1.122 -0.315 0.6811, 1.1024 -0.315 0.7598, 1.122 -0.315 0.7598, 1.122 -1.2598 0.7598, 1.2354 -0.9103 0.7598, 1.2166 -0.8858 0.7598, 1.2008 -0.315 0.7598, 1.2008 -0.8268 0.7598, 1.2048 -0.8573 0.7598, 1.3189 -1.063 0.7598, 1.3189 -0.9449 0.7598, 1.2345 -1.2598 0.7598, 1.2883 -0.9409 0.7598, 1.2598 -0.9291 0.7598, 0.5512 -0.315 0.7598, 0.5512 -1.2598 0.7598, 0.9646 -1.2598 0.7598, 1.2318 -1.2662 0.7535, 1.122 -1.3101 0.7096, 0.5512 -1.3386 0.6811, 0.9646 -1.3386 0.6811, 0.3937 -1.2598 0.7598, 0.3937 -0.315 0.7598, 0.374 -1.2598 0.7598, 0.374 -0.315 0.7598, 0.3937 -1.3386 0.6811, 0.374 -1.3386 0.6811, 0.1969 -1.2598 0.7598, 0.2165 -1.2598 0.7598, 0.1969 -0.315 0.7598, 0.2165 -0.315 0.7598, 0.1969 -1.3386 0.6811, 0.2165 -1.3386 0.6811, 1.6323 1.1417 0.9217, 1.6323 0.748 0.9217, 1.6048 1.1417 0.9882, 1.6048 0.748 0.9882, 1.561 1.1417 1.0453, 1.561 0.748 1.0453, 1.5039 1.1417 1.0891, 1.5039 0.748 1.0891, 1.4375 1.1417 1.1166, 1.4375 0.748 1.1166, 1.3661 1.1417 1.126, 1.3661 0.748 1.126, 0.677 1.1417 0.8987, 0.2833 1.1417 1.126, 0.677 0.8268 0.8987, 0.2833 0.8268 1.126, 1.3976 -0.2362 0.8386, 1.3976 -0.2362 0.4055, 1.3976 0.748 0.8386, 1.3976 0.748 0.4055, 1.2795 -0.2362 0.8386, 1.2795 -0.2362 0.4055, 1.3189 -0.9449 0.4843, 1.3189 -1.063 0.4843, 1.2008 -0.8268 0.4843, 1.2008 -0.315 0.4843, 1.2883 -0.9409 0.4843, 1.2598 -0.9291 0.4843, 1.2354 -0.9103 0.4843, 1.2166 -0.8858 0.4843, 1.2048 -0.8573 0.4843, 1.2318 -1.2662 0.4906, 1.2345 -1.2598 0.4843, 0.0394 -1.3386 0.6811, 0.0394 -0.315 0.6811, 0.1969 -0.315 0.6811, 0.0394 -0.315 0.7598, 0.0394 -1.2598 0.7598, 0.5512 -0.315 0.6811, 0.3937 -0.315 0.6811, 0.2165 -0.315 0.6811, 0.374 -0.315 0.6811, 1.122 -1.3101 0.6811, 1.0509 -1.3386 0.6811, 1.0509 -1.3386 0.6811
            ]
        }
        coordIndex [
            0,1,2,-1,2,1,3,-1,4,5,6,-1,6,5,7,-1,6,7,8,-1,8,7,9,-1,8,9,10,-1,10,9,11,-1,12,13,14,-1,15,11,16,-1,16,11,12,-1,16,12,17,-1,17,12,14,-1,18,19,20,-1,20,19,21,-1,20,21,12,-1,12,21,22,-1,12,22,13,-1,23,24,5,-1,5,24,25,-1,20,12,26,-1,26,12,27,-1,28,29,24,-1,24,29,25,-1,30,31,32,-1,32,31,33,-1,30,32,34,-1,34,32,35,-1,36,37,38,-1,38,37,39,-1,36,40,37,-1,37,40,41,-1,3,1,42,-1,3,42,43,-1,43,42,44,-1,43,44,45,-1,45,44,46,-1,45,46,47,-1,47,46,48,-1,47,48,49,-1,49,48,50,-1,49,50,51,-1,51,50,52,-1,51,52,53,-1,54,55,56,-1,56,55,57,-1,58,59,60,-1,60,59,61,-1,58,62,59,-1,59,62,63,-1,19,18,64,-1,64,18,65,-1,66,67,16,-1,16,67,15,-1,19,64,21,-1,21,64,68,-1,21,68,22,-1,22,68,69,-1,22,69,13,-1,13,69,70,-1,13,70,14,-1,14,70,71,-1,14,71,17,-1,17,71,72,-1,17,72,16,-1,16,72,66,-1,26,73,20,-1,20,73,74,-1,20,74,18,-1,18,74,65,-1,67,63,15,-1,15,63,62,-1,75,40,76,-1,76,40,77,-1,36,38,40,-1,40,38,77,-1,76,78,75,-1,75,78,79,-1,80,81,28,-1,28,81,34,-1,24,23,28,-1,28,23,80,-1,81,31,34,-1,34,31,30,-1,41,35,82,-1,82,35,83,-1,32,33,35,-1,35,33,83,-1,82,39,41,-1,41,39,37,-1,84,9,85,-1,85,9,7,-1,85,7,29,-1,12,11,27,-1,27,11,9,-1,27,9,84,-1,29,7,25,-1,25,7,5,-1,
        ]
    }
}
Shape{
    appearance Appearance {
        material  Material 	{
            diffuseColor 1.0 1.0 0.0
            specularColor 0.5019607843137255 0.5019607843137255 0.0
            ambientIntensity 0.2
            transparency 0
            shininess 0.5
        }
    }
    geometry IndexedFaceSet {
        ccw TRUE
        solid FALSE
        coord DEF co Coordinate {
            point [
                1.1024 -0.315 0.7598, 1.1024 -1.2402 0.7598, 1.1024 -0.315 0.7205, 1.1024 -1.2402 0.7205, 0.9843 -0.315 0.7205, 0.9843 -1.2402 0.7205, 0.9843 -0.315 0.7598, 0.9843 -1.2402 0.7598, 0.3543 -1.1811 0.7598, 0.2362 -1.1811 0.7598, 0.3543 -1.1811 0.7205, 0.2362 -1.1811 0.7205, 0.3543 -0.315 0.7205, 0.2362 -0.315 0.7205, 0.3543 -0.315 0.7598, 0.2362 -0.315 0.7598, 0.5315 -1.2402 0.7598, 0.4134 -1.2402 0.7598, 0.5315 -1.2402 0.7205, 0.4134 -1.2402 0.7205, 0.5315 -0.315 0.7205, 0.4134 -0.315 0.7205, 0.5315 -0.315 0.7598, 0.4134 -0.315 0.7598, 0.1772 -1.1811 0.7598, 0.0591 -1.1811 0.7598, 0.1772 -1.1811 0.7205, 0.0591 -1.1811 0.7205, 0.1772 -0.315 0.7205, 0.0591 -0.315 0.7205, 0.1772 -0.315 0.7598, 0.0591 -0.315 0.7598, 0.0591 -0.315 0.7598
            ]
        }
        coordIndex [
            0,1,2,-1,2,1,3,-1,2,3,4,-1,4,3,5,-1,4,5,6,-1,6,5,7,-1,6,7,0,-1,0,7,1,-1,3,1,5,-1,5,1,7,-1,8,9,10,-1,10,9,11,-1,12,10,13,-1,13,10,11,-1,14,15,8,-1,8,15,9,-1,14,8,12,-1,12,8,10,-1,15,13,9,-1,9,13,11,-1,16,17,18,-1,18,17,19,-1,20,18,21,-1,21,18,19,-1,22,23,16,-1,16,23,17,-1,22,16,20,-1,20,16,18,-1,23,21,17,-1,17,21,19,-1,24,25,26,-1,26,25,27,-1,28,26,29,-1,29,26,27,-1,30,31,24,-1,24,31,25,-1,30,24,28,-1,28,24,26,-1,31,29,25,-1,25,29,27,-1,
        ]
    }
}
Shape{
    appearance Appearance {
        material  Material 	{
            diffuseColor 0.25098039215686274 0.25098039215686274 0.25098039215686274
            specularColor 0.12549019607843137 0.12549019607843137 0.12549019607843137
            ambientIntensity 0.2
            transparency 0
            shininess 0.5
        }
    }
    geometry IndexedFaceSet {
        ccw TRUE
        solid FALSE
        coord DEF co Coordinate {
            point [
                0.8661 0.8268 0.8754, 0.677 0.8268 0.8754, 0.8661 0.8268 1.126, 0.677 0.8268 0.8987, 0.2833 0.8268 1.126, 0.8661 1.1417 0.8754, 0.677 1.1417 0.8754, 0.8661 1.1417 1.126, 0.677 1.1417 0.8987, -0.677 0.8268 0.8754, -0.8661 0.8268 0.8754, -0.677 0.8268 0.8987, -0.8661 0.8268 1.126, -0.2833 0.8268 1.126, -0.677 1.1417 0.8754, -0.8661 1.1417 0.8754, -0.8661 1.1417 1.126, -0.677 1.1417 0.8987, -0.0394 -1.3386 0.563, -0.1969 -1.3386 0.563, -0.0394 -0.315 0.563, -0.1969 -0.315 0.563, -0.1969 -1.2598 0.4843, -0.1969 -0.315 0.4843, -0.0394 -0.315 0.4843, -0.0394 -1.2598 0.4843, 1.122 -0.315 0.563, 1.122 -0.315 0.4843, 1.122 -1.3101 0.563, 1.122 -1.2598 0.4843, 1.122 -1.3101 0.5345, 0.9646 -1.3386 0.563, 0.9646 -0.315 0.563, 1.0509 -1.3386 0.563, 0.9646 -0.315 0.4843, 0.9646 -1.2598 0.4843, -0.5512 -0.315 0.563, -0.3937 -0.315 0.563, -0.5512 -1.3386 0.563, -0.3937 -1.3386 0.563, -0.5512 -0.315 0.4843, -0.5512 -1.2598 0.4843, -0.3937 -0.315 0.4843, -0.3937 -1.2598 0.4843, -0.374 -0.315 0.563, -0.2165 -0.315 0.563, -0.374 -1.3386 0.563, -0.2165 -1.3386 0.563, -0.374 -0.315 0.4843, -0.374 -1.2598 0.4843, -0.2165 -0.315 0.4843, -0.2165 -1.2598 0.4843, 0.2165 -0.315 0.563, 0.2165 -1.3386 0.563, 0.2165 -0.315 0.4843, 0.2165 -1.2598 0.4843, 0.374 -0.315 0.4843, 0.374 -1.2598 0.4843, 0.374 -0.315 0.563, 0.374 -1.3386 0.563, 0.3937 -0.315 0.563, 0.3937 -1.3386 0.563, 0.3937 -0.315 0.4843, 0.3937 -1.2598 0.4843, 0.5512 -0.315 0.4843, 0.5512 -1.2598 0.4843, 0.5512 -0.315 0.563, 0.5512 -1.3386 0.563, 0.1969 -0.315 0.563, 0.1969 -1.3386 0.563, 0.0394 -0.315 0.563, 0.0394 -1.3386 0.563, 0.0394 -0.315 0.4843, 0.0394 -1.2598 0.4843, 0.1969 -0.315 0.4843, 0.1969 -1.2598 0.4843, -0.9646 -0.315 0.4843, -0.9646 -1.2598 0.4843, -0.9646 -0.315 0.563, -0.9646 -1.3386 0.563, -1.122 -1.3101 0.563, -1.122 -0.315 0.563, -1.0509 -1.3386 0.563, -1.122 -1.2598 0.4843, -1.122 -0.315 0.4843, -1.122 -1.3101 0.5345, 1.4449 0.748 0.0, -1.4449 0.748 0.0, 1.4449 1.1417 0.0, -1.4449 1.1417 -0.0, 1.6417 1.1417 0.1969, 1.6417 0.748 0.1969, 1.635 0.748 0.1459, 1.635 1.1417 0.1459, 1.6154 0.748 0.0984, 1.6154 1.1417 0.0984, 1.5841 0.748 0.0577, 1.5841 1.1417 0.0577, 1.5433 0.748 0.0264, 1.5433 1.1417 0.0264, 1.4958 0.748 0.0067, 1.4958 1.1417 0.0067, -1.6417 0.748 0.1969, -1.6417 1.1417 0.1969, -1.635 1.1417 0.1459, -1.635 0.748 0.1459, -1.6154 1.1417 0.0984, -1.6154 0.748 0.0984, -1.5841 1.1417 0.0577, -1.5841 0.748 0.0577, -1.5433 1.1417 0.0264, -1.5433 0.748 0.0264, -1.4958 1.1417 0.0067, -1.4958 0.748 0.0067, -1.4958 0.748 0.0067
            ]
        }
        coordIndex [
            0,1,2,-1,2,1,3,-1,2,3,4,-1,5,6,0,-1,0,6,1,-1,5,0,7,-1,7,0,2,-1,1,6,3,-1,3,6,8,-1,9,10,11,-1,11,10,12,-1,11,12,13,-1,14,15,9,-1,9,15,10,-1,10,15,12,-1,12,15,16,-1,14,9,17,-1,17,9,11,-1,18,19,20,-1,20,19,21,-1,22,23,19,-1,19,23,21,-1,20,21,24,-1,24,21,23,-1,20,24,18,-1,18,24,25,-1,26,27,28,-1,28,27,29,-1,28,29,30,-1,31,32,33,-1,33,32,26,-1,33,26,28,-1,32,31,34,-1,34,31,35,-1,26,32,27,-1,27,32,34,-1,36,37,38,-1,38,37,39,-1,36,38,40,-1,40,38,41,-1,42,43,37,-1,37,43,39,-1,40,42,36,-1,36,42,37,-1,44,45,46,-1,46,45,47,-1,44,46,48,-1,48,46,49,-1,50,51,45,-1,45,51,47,-1,48,50,44,-1,44,50,45,-1,52,53,54,-1,54,53,55,-1,56,57,58,-1,58,57,59,-1,58,59,52,-1,52,59,53,-1,56,58,54,-1,54,58,52,-1,60,61,62,-1,62,61,63,-1,64,65,66,-1,66,65,67,-1,66,67,60,-1,60,67,61,-1,64,66,62,-1,62,66,60,-1,68,69,70,-1,70,69,71,-1,70,71,72,-1,72,71,73,-1,74,75,68,-1,68,75,69,-1,72,74,70,-1,70,74,68,-1,76,77,78,-1,78,77,79,-1,80,81,82,-1,82,81,78,-1,82,78,79,-1,83,84,85,-1,85,84,81,-1,85,81,80,-1,81,84,78,-1,78,84,76,-1,86,87,88,-1,88,87,89,-1,90,91,92,-1,90,92,93,-1,93,92,94,-1,93,94,95,-1,95,94,96,-1,95,96,97,-1,97,96,98,-1,97,98,99,-1,99,98,100,-1,99,100,101,-1,101,100,86,-1,101,86,88,-1,102,103,104,-1,102,104,105,-1,105,104,106,-1,105,106,107,-1,107,106,108,-1,107,108,109,-1,109,108,110,-1,109,110,111,-1,111,110,112,-1,111,112,113,-1,113,112,89,-1,113,89,87,-1,
        ]
    }
}
Shape{
    appearance Appearance {
        material  Material 	{
            diffuseColor 1.0 1.0 0.0
            specularColor 0.5019607843137255 0.5019607843137255 0.0
            ambientIntensity 0.2
            transparency 0
            shininess 0.5
        }
    }
    geometry IndexedFaceSet {
        ccw TRUE
        solid FALSE
        coord DEF co Coordinate {
            point [
                0.2362 -0.315 0.5236, 0.3543 -0.315 0.5236, 0.2362 -0.315 0.4843, 0.3543 -0.315 0.4843, 0.2362 -1.2402 0.5236, 0.2362 -1.2402 0.4843, 0.3543 -1.2402 0.5236, 0.3543 -1.2402 0.4843, -0.5315 1.4567 0.4291, -0.5315 1.1378 0.4291, -0.4528 1.4567 0.4291, -0.4528 1.1378 0.4291, -0.5315 1.4567 0.3937, -0.4528 1.4567 0.3937, -0.5315 1.122 0.3937, -0.4528 1.122 0.3937, -0.4528 1.117 0.3944, -0.5315 1.117 0.3944, -0.4528 1.1122 0.3963, -0.5315 1.1122 0.3963, -0.4528 1.1081 0.3995, -0.5315 1.1081 0.3995, -0.4528 1.105 0.4035, -0.5315 1.105 0.4035, -0.4528 1.103 0.4083, -0.5315 1.103 0.4083, -0.4528 1.1024 0.4134, -0.5315 1.1024 0.4134, -0.5315 1.1024 0.5085, -0.4528 1.1024 0.5085, -0.5315 1.1378 0.5085, -0.4528 1.1378 0.5085, -0.8642 1.1378 0.5085, -0.8642 1.1378 0.4291, -0.9429 1.1378 0.5085, -0.9429 1.1378 0.4291, -0.8642 1.1024 0.5085, -0.9429 1.1024 0.5085, -0.8642 1.1024 0.4134, -0.9429 1.1024 0.4134, -0.9429 1.103 0.4083, -0.8642 1.103 0.4083, -0.9429 1.105 0.4035, -0.8642 1.105 0.4035, -0.9429 1.1081 0.3995, -0.8642 1.1081 0.3995, -0.9429 1.1122 0.3963, -0.8642 1.1122 0.3963, -0.9429 1.117 0.3944, -0.8642 1.117 0.3944, -0.9429 1.122 0.3937, -0.8642 1.122 0.3937, -0.8642 1.4567 0.3937, -0.9429 1.4567 0.3937, -0.8642 1.4567 0.4291, -0.9429 1.4567 0.4291, -0.2362 -0.315 0.5236, -0.2362 -0.315 0.4843, -0.3543 -0.315 0.5236, -0.3543 -0.315 0.4843, -0.2362 -1.2402 0.5236, -0.3543 -1.2402 0.5236, -0.2362 -1.2402 0.4843, -0.3543 -1.2402 0.4843, -1.2618 1.1024 0.5085, -1.2618 1.1378 0.5085, -1.3406 1.1024 0.5085, -1.3406 1.1378 0.5085, -1.2618 1.1024 0.4134, -1.3406 1.1024 0.4134, -1.3406 1.103 0.4083, -1.2618 1.103 0.4083, -1.3406 1.105 0.4035, -1.2618 1.105 0.4035, -1.3406 1.1081 0.3995, -1.2618 1.1081 0.3995, -1.3406 1.1122 0.3963, -1.2618 1.1122 0.3963, -1.3406 1.117 0.3944, -1.2618 1.117 0.3944, -1.3406 1.122 0.3937, -1.2618 1.122 0.3937, -1.2618 1.4567 0.3937, -1.3406 1.4567 0.3937, -1.2618 1.4567 0.4291, -1.3406 1.4567 0.4291, -1.2618 1.1378 0.4291, -1.3406 1.1378 0.4291, 0.1378 1.1378 0.4291, 0.1378 1.4567 0.4291, 0.0591 1.1378 0.4291, 0.0591 1.4567 0.4291, 0.1378 1.4567 0.3937, 0.0591 1.4567 0.3937, 0.1378 1.122 0.3937, 0.0591 1.122 0.3937, 0.1378 1.1024 0.4134, 0.0591 1.1024 0.4134, 0.0591 1.103 0.4083, 0.1378 1.103 0.4083, 0.0591 1.105 0.4035, 0.1378 1.105 0.4035, 0.0591 1.1081 0.3995, 0.1378 1.1081 0.3995, 0.0591 1.1122 0.3963, 0.1378 1.1122 0.3963, 0.0591 1.117 0.3944, 0.1378 1.117 0.3944, 0.1378 1.1024 0.5085, 0.0591 1.1024 0.5085, 0.1378 1.1378 0.5085, 0.0591 1.1378 0.5085, 1.2618 1.1378 0.5085, 1.2618 1.1024 0.5085, 1.3406 1.1378 0.5085, 1.3406 1.1024 0.5085, 1.2618 1.1024 0.4134, 1.3406 1.1024 0.4134, 1.2618 1.122 0.3937, 1.3406 1.122 0.3937, 1.3406 1.117 0.3944, 1.2618 1.117 0.3944, 1.3406 1.1122 0.3963, 1.2618 1.1122 0.3963, 1.3406 1.1081 0.3995, 1.2618 1.1081 0.3995, 1.3406 1.105 0.4035, 1.2618 1.105 0.4035, 1.3406 1.103 0.4083, 1.2618 1.103 0.4083, 1.2618 1.4567 0.3937, 1.3406 1.4567 0.3937, 1.2618 1.4567 0.4291, 1.3406 1.4567 0.4291, 1.2618 1.1378 0.4291, 1.3406 1.1378 0.4291, 0.9469 1.1378 0.4291, 0.9469 1.1378 0.5085, 1.0256 1.1378 0.4291, 1.0256 1.1378 0.5085, 0.9469 1.1024 0.5085, 1.0256 1.1024 0.5085, 0.9469 1.1024 0.4134, 1.0256 1.1024 0.4134, 0.9469 1.122 0.3937, 1.0256 1.122 0.3937, 1.0256 1.117 0.3944, 0.9469 1.117 0.3944, 1.0256 1.1122 0.3963, 0.9469 1.1122 0.3963, 1.0256 1.1081 0.3995, 0.9469 1.1081 0.3995, 1.0256 1.105 0.4035, 0.9469 1.105 0.4035, 1.0256 1.103 0.4083, 0.9469 1.103 0.4083, 0.9469 1.4567 0.3937, 1.0256 1.4567 0.3937, 0.9469 1.4567 0.4291, 1.0256 1.4567 0.4291, -0.9469 1.1378 0.5085, -0.9469 1.1378 0.4291, -1.0256 1.1378 0.5085, -1.0256 1.1378 0.4291, -0.9469 1.1024 0.5085, -1.0256 1.1024 0.5085, -0.9469 1.1024 0.4134, -1.0256 1.1024 0.4134, -1.0256 1.103 0.4083, -0.9469 1.103 0.4083, -1.0256 1.105 0.4035, -0.9469 1.105 0.4035, -1.0256 1.1081 0.3995, -0.9469 1.1081 0.3995, -1.0256 1.1122 0.3963, -0.9469 1.1122 0.3963, -1.0256 1.117 0.3944, -0.9469 1.117 0.3944, -1.0256 1.122 0.3937, -0.9469 1.122 0.3937, -0.9469 1.4567 0.3937, -1.0256 1.4567 0.3937, -0.9469 1.4567 0.4291, -1.0256 1.4567 0.4291, -0.3543 -1.1811 0.7205, -0.3543 -0.315 0.7205, -0.2362 -1.1811 0.7205, -0.2362 -0.315 0.7205, -0.2362 -0.315 0.7598, -0.3543 -0.315 0.7598, -0.2362 -1.1811 0.7598, -0.3543 -1.1811 0.7598, 0.9843 -0.315 0.5236, 1.1024 -0.315 0.5236, 0.9843 -0.315 0.4843, 1.1024 -0.315 0.4843, 0.9843 -1.2402 0.5236, 0.9843 -1.2402 0.4843, 1.1024 -1.2402 0.5236, 1.1024 -1.2402 0.4843, 0.4134 -0.315 0.5236, 0.5315 -0.315 0.5236, 0.4134 -0.315 0.4843, 0.5315 -0.315 0.4843, 0.4134 -1.2402 0.5236, 0.4134 -1.2402 0.4843, 0.5315 -1.2402 0.5236, 0.5315 -1.2402 0.4843, 0.1772 -0.315 0.4843, 0.0591 -0.315 0.4843, 0.1772 -0.315 0.5236, 0.0591 -0.315 0.5236, 0.1772 -1.2402 0.4843, 0.1772 -1.2402 0.5236, 0.0591 -1.2402 0.4843, 0.0591 -1.2402 0.5236, -0.3346 1.4567 0.4291, -0.3346 1.1378 0.4291, -0.2559 1.4567 0.4291, -0.2559 1.1378 0.4291, -0.3346 1.4567 0.3937, -0.2559 1.4567 0.3937, -0.3346 1.122 0.3937, -0.2559 1.122 0.3937, -0.2559 1.117 0.3944, -0.3346 1.117 0.3944, -0.2559 1.1122 0.3963, -0.3346 1.1122 0.3963, -0.2559 1.1081 0.3995, -0.3346 1.1081 0.3995, -0.2559 1.105 0.4035, -0.3346 1.105 0.4035, -0.2559 1.103 0.4083, -0.3346 1.103 0.4083, -0.2559 1.1024 0.4134, -0.3346 1.1024 0.4134, -0.3346 1.1024 0.5085, -0.2559 1.1024 0.5085, -0.3346 1.1378 0.5085, -0.2559 1.1378 0.5085, -1.1791 1.1024 0.5085, -1.1791 1.1378 0.5085, -1.2579 1.1024 0.5085, -1.2579 1.1378 0.5085, -1.1791 1.1024 0.4134, -1.2579 1.1024 0.4134, -1.2579 1.103 0.4083, -1.1791 1.103 0.4083, -1.2579 1.105 0.4035, -1.1791 1.105 0.4035, -1.2579 1.1081 0.3995, -1.1791 1.1081 0.3995, -1.2579 1.1122 0.3963, -1.1791 1.1122 0.3963, -1.2579 1.117 0.3944, -1.1791 1.117 0.3944, -1.2579 1.122 0.3937, -1.1791 1.122 0.3937, -1.1791 1.4567 0.3937, -1.2579 1.4567 0.3937, -1.1791 1.4567 0.4291, -1.2579 1.4567 0.4291, -1.1791 1.1378 0.4291, -1.2579 1.1378 0.4291, -0.4134 -0.315 0.5236, -0.4134 -0.315 0.4843, -0.5315 -0.315 0.5236, -0.5315 -0.315 0.4843, -0.4134 -1.2402 0.5236, -0.5315 -1.2402 0.5236, -0.4134 -1.2402 0.4843, -0.5315 -1.2402 0.4843, -0.5315 -1.2402 0.4843
            ]
        }
        coordIndex [
            0,1,2,-1,2,1,3,-1,4,0,5,-1,5,0,2,-1,6,1,4,-1,4,1,0,-1,7,3,6,-1,6,3,1,-1,5,2,7,-1,7,2,3,-1,4,5,6,-1,6,5,7,-1,8,9,10,-1,10,9,11,-1,12,8,13,-1,13,8,10,-1,14,12,15,-1,15,12,13,-1,14,15,16,-1,14,16,17,-1,17,16,18,-1,17,18,19,-1,19,18,20,-1,19,20,21,-1,21,20,22,-1,21,22,23,-1,23,22,24,-1,23,24,25,-1,25,24,26,-1,25,26,27,-1,28,27,29,-1,29,27,26,-1,30,28,31,-1,31,28,29,-1,9,30,11,-1,11,30,31,-1,28,30,27,-1,27,30,9,-1,8,12,9,-1,9,12,14,-1,21,23,9,-1,9,23,25,-1,9,25,27,-1,14,17,9,-1,9,17,19,-1,9,19,21,-1,11,20,18,-1,31,29,11,-1,11,29,26,-1,13,10,15,-1,15,10,11,-1,15,11,16,-1,16,11,18,-1,26,24,11,-1,11,24,22,-1,11,22,20,-1,32,33,34,-1,34,33,35,-1,36,32,37,-1,37,32,34,-1,38,36,39,-1,39,36,37,-1,38,39,40,-1,38,40,41,-1,41,40,42,-1,41,42,43,-1,43,42,44,-1,43,44,45,-1,45,44,46,-1,45,46,47,-1,47,46,48,-1,47,48,49,-1,49,48,50,-1,49,50,51,-1,52,51,53,-1,53,51,50,-1,54,52,55,-1,55,52,53,-1,33,54,35,-1,35,54,55,-1,33,45,47,-1,32,36,33,-1,33,36,38,-1,52,54,51,-1,51,54,33,-1,51,33,49,-1,49,33,47,-1,38,41,33,-1,33,41,43,-1,33,43,45,-1,37,34,39,-1,39,34,35,-1,39,35,40,-1,40,35,42,-1,55,53,35,-1,35,53,50,-1,35,50,48,-1,48,46,35,-1,35,46,44,-1,35,44,42,-1,56,57,58,-1,58,57,59,-1,60,56,61,-1,61,56,58,-1,62,57,60,-1,60,57,56,-1,63,59,62,-1,62,59,57,-1,61,58,63,-1,63,58,59,-1,60,61,62,-1,62,61,63,-1,64,65,66,-1,66,65,67,-1,68,64,69,-1,69,64,66,-1,68,69,70,-1,68,70,71,-1,71,70,72,-1,71,72,73,-1,73,72,74,-1,73,74,75,-1,75,74,76,-1,75,76,77,-1,77,76,78,-1,77,78,79,-1,79,78,80,-1,79,80,81,-1,82,81,83,-1,83,81,80,-1,84,82,85,-1,85,82,83,-1,86,84,87,-1,87,84,85,-1,65,86,67,-1,67,86,87,-1,86,75,77,-1,65,64,86,-1,86,64,68,-1,82,84,81,-1,81,84,86,-1,81,86,79,-1,79,86,77,-1,68,71,86,-1,86,71,73,-1,86,73,75,-1,87,74,72,-1,85,83,87,-1,87,83,80,-1,66,67,69,-1,69,67,87,-1,69,87,70,-1,70,87,72,-1,80,78,87,-1,87,78,76,-1,87,76,74,-1,88,89,90,-1,90,89,91,-1,89,92,91,-1,91,92,93,-1,92,94,93,-1,93,94,95,-1,96,97,98,-1,96,98,99,-1,99,98,100,-1,99,100,101,-1,101,100,102,-1,101,102,103,-1,103,102,104,-1,103,104,105,-1,105,104,106,-1,105,106,107,-1,107,106,95,-1,107,95,94,-1,96,108,97,-1,97,108,109,-1,108,110,109,-1,109,110,111,-1,110,88,111,-1,111,88,90,-1,88,103,105,-1,110,108,88,-1,88,108,96,-1,92,89,94,-1,94,89,88,-1,94,88,107,-1,107,88,105,-1,96,99,88,-1,88,99,101,-1,88,101,103,-1,109,111,97,-1,97,111,90,-1,97,90,98,-1,98,90,100,-1,91,93,90,-1,90,93,95,-1,90,95,106,-1,106,104,90,-1,90,104,102,-1,90,102,100,-1,112,113,114,-1,114,113,115,-1,113,116,115,-1,115,116,117,-1,118,119,120,-1,118,120,121,-1,121,120,122,-1,121,122,123,-1,123,122,124,-1,123,124,125,-1,125,124,126,-1,125,126,127,-1,127,126,128,-1,127,128,129,-1,129,128,117,-1,129,117,116,-1,118,130,119,-1,119,130,131,-1,130,132,131,-1,131,132,133,-1,132,134,133,-1,133,134,135,-1,134,112,135,-1,135,112,114,-1,113,112,116,-1,116,112,134,-1,132,130,134,-1,134,130,118,-1,125,127,134,-1,134,127,129,-1,134,129,116,-1,118,121,134,-1,134,121,123,-1,134,123,125,-1,114,115,135,-1,135,115,117,-1,135,117,128,-1,131,133,119,-1,119,133,135,-1,119,135,120,-1,120,135,122,-1,128,126,135,-1,135,126,124,-1,135,124,122,-1,136,137,138,-1,138,137,139,-1,137,140,139,-1,139,140,141,-1,140,142,141,-1,141,142,143,-1,144,145,146,-1,144,146,147,-1,147,146,148,-1,147,148,149,-1,149,148,150,-1,149,150,151,-1,151,150,152,-1,151,152,153,-1,153,152,154,-1,153,154,155,-1,155,154,143,-1,155,143,142,-1,144,156,145,-1,145,156,157,-1,156,158,157,-1,157,158,159,-1,158,136,159,-1,159,136,138,-1,140,137,142,-1,142,137,136,-1,158,156,136,-1,136,156,144,-1,151,153,136,-1,136,153,155,-1,136,155,142,-1,144,147,136,-1,136,147,149,-1,136,149,151,-1,139,141,138,-1,138,141,143,-1,138,143,154,-1,157,159,145,-1,145,159,138,-1,145,138,146,-1,146,138,148,-1,154,152,138,-1,138,152,150,-1,138,150,148,-1,160,161,162,-1,162,161,163,-1,164,160,165,-1,165,160,162,-1,166,164,167,-1,167,164,165,-1,166,167,168,-1,166,168,169,-1,169,168,170,-1,169,170,171,-1,171,170,172,-1,171,172,173,-1,173,172,174,-1,173,174,175,-1,175,174,176,-1,175,176,177,-1,177,176,178,-1,177,178,179,-1,180,179,181,-1,181,179,178,-1,182,180,183,-1,183,180,181,-1,161,182,163,-1,163,182,183,-1,161,173,175,-1,160,164,161,-1,161,164,166,-1,180,182,179,-1,179,182,161,-1,179,161,177,-1,177,161,175,-1,166,169,161,-1,161,169,171,-1,161,171,173,-1,163,172,170,-1,183,181,163,-1,163,181,178,-1,165,162,167,-1,167,162,163,-1,167,163,168,-1,168,163,170,-1,178,176,163,-1,163,176,174,-1,163,174,172,-1,184,185,186,-1,186,185,187,-1,188,189,190,-1,190,189,191,-1,185,189,187,-1,187,189,188,-1,191,189,184,-1,184,189,185,-1,187,188,186,-1,186,188,190,-1,191,184,190,-1,190,184,186,-1,192,193,194,-1,194,193,195,-1,196,192,197,-1,197,192,194,-1,198,193,196,-1,196,193,192,-1,199,195,198,-1,198,195,193,-1,197,194,199,-1,199,194,195,-1,196,197,198,-1,198,197,199,-1,200,201,202,-1,202,201,203,-1,204,200,205,-1,205,200,202,-1,206,201,204,-1,204,201,200,-1,207,203,206,-1,206,203,201,-1,205,202,207,-1,207,202,203,-1,204,205,206,-1,206,205,207,-1,208,209,210,-1,210,209,211,-1,212,208,213,-1,213,208,210,-1,214,209,212,-1,212,209,208,-1,215,211,214,-1,214,211,209,-1,213,210,215,-1,215,210,211,-1,212,213,214,-1,214,213,215,-1,216,217,218,-1,218,217,219,-1,220,216,221,-1,221,216,218,-1,222,220,223,-1,223,220,221,-1,222,223,224,-1,222,224,225,-1,225,224,226,-1,225,226,227,-1,227,226,228,-1,227,228,229,-1,229,228,230,-1,229,230,231,-1,231,230,232,-1,231,232,233,-1,233,232,234,-1,233,234,235,-1,236,235,237,-1,237,235,234,-1,238,236,239,-1,239,236,237,-1,217,238,219,-1,219,238,239,-1,236,238,235,-1,235,238,217,-1,216,220,217,-1,217,220,222,-1,229,231,217,-1,217,231,233,-1,217,233,235,-1,222,225,217,-1,217,225,227,-1,217,227,229,-1,219,228,226,-1,239,237,219,-1,219,237,234,-1,221,218,223,-1,223,218,219,-1,223,219,224,-1,224,219,226,-1,234,232,219,-1,219,232,230,-1,219,230,228,-1,240,241,242,-1,242,241,243,-1,244,240,245,-1,245,240,242,-1,244,245,246,-1,244,246,247,-1,247,246,248,-1,247,248,249,-1,249,248,250,-1,249,250,251,-1,251,250,252,-1,251,252,253,-1,253,252,254,-1,253,254,255,-1,255,254,256,-1,255,256,257,-1,258,257,259,-1,259,257,256,-1,260,258,261,-1,261,258,259,-1,262,260,263,-1,263,260,261,-1,241,262,243,-1,243,262,263,-1,262,251,253,-1,241,240,262,-1,262,240,244,-1,258,260,257,-1,257,260,262,-1,257,262,255,-1,255,262,253,-1,244,247,262,-1,262,247,249,-1,262,249,251,-1,263,250,248,-1,261,259,263,-1,263,259,256,-1,242,243,245,-1,245,243,263,-1,245,263,246,-1,246,263,248,-1,256,254,263,-1,263,254,252,-1,263,252,250,-1,264,265,266,-1,266,265,267,-1,268,264,269,-1,269,264,266,-1,270,265,268,-1,268,265,264,-1,271,267,270,-1,270,267,265,-1,269,266,271,-1,271,266,267,-1,268,269,270,-1,270,269,271,-1,
        ]
    }
}
Shape{
    appearance Appearance {
        material  Material 	{
            diffuseColor 0.7529411764705882 0.7529411764705882 0.7529411764705882
            specularColor 0.3764705882352941 0.3764705882352941 0.3764705882352941
            ambientIntensity 0.2
            transparency 0
            shininess 0.5
        }
    }
    geometry IndexedFaceSet {
        ccw TRUE
        solid FALSE
        coord DEF co Coordinate {
            point [
                0.4511 -0.5897 1.2441, 0.4534 -0.6083 1.2441, 0.4571 -0.5421 1.2441, 0.0625 -0.5432 1.2441, 0.0625 -0.6615 1.2441, 0.1157 -0.6615 1.2441, 0.24 -0.9424 1.2441, 0.24 -1.3976 1.2441, 0.301 -1.3976 1.2441, 0.4866 -0.8884 1.2441, 0.4571 -0.8884 1.2441, 0.4571 -0.8895 1.2441, 0.4321 -0.8283 1.2441, 0.4321 -0.8732 1.2441, 0.4571 -0.8732 1.2441, 0.272 -0.8892 1.2441, 0.2686 -0.8895 1.2441, 0.301 -0.8895 1.2441, 0.3937 0.8661 1.2441, 0.3937 1.1417 1.2441, 0.3321 1.1417 1.2441, 0.1699 -0.5434 1.2441, 0.1802 -0.5421 1.2441, 0.1271 -0.5421 1.2441, 0.2188 -0.6723 1.2441, 0.2153 -0.6734 1.2441, 0.2153 -0.7169 1.2441, 0.265 -0.6166 1.2441, 0.265 -0.6615 1.2441, 0.301 -0.6615 1.2441, -0.231 -0.5421 1.2441, -0.2092 -0.5568 1.2441, -0.0094 -0.5421 1.2441, -0.1781 -0.5926 1.2441, -0.1579 -0.6317 1.2441, -0.1505 -0.6343 1.2441, -0.1225 -0.649 1.2441, -0.2991 -0.5115 1.2441, -0.2515 -0.5283 1.2441, -0.0094 0.3171 1.2441, -0.429 -0.5302 1.2441, -0.3853 -0.5133 1.2441, -1.3661 0.3171 1.2441, -0.3382 -0.5074 1.2441, -0.4483 -0.5421 1.2441, -1.3661 -0.5421 1.2441, -0.4521 -0.5444 1.2441, -0.6477 -0.6593 1.2441, -0.6248 -0.6298 1.2441, -0.5532 -0.589 1.2441, -0.5156 -0.5843 1.2441, -0.4744 -0.5635 1.2441, -0.5047 -0.5849 1.2441, -0.4938 -0.5862 1.2441, -0.6185 -0.6239 1.2441, -0.5883 -0.6026 1.2441, -0.5658 -0.8833 1.2441, -0.6 -0.8666 1.2441, -1.3661 -0.8895 1.2441, -0.6295 -0.8414 1.2441, -0.651 -0.8108 1.2441, -0.6647 -0.7755 1.2441, -1.3661 -0.7169 1.2441, -0.6694 -0.738 1.2441, -0.6691 -0.7292 1.2441, -0.6669 -0.7169 1.2441, -0.6628 -0.6935 1.2441, -0.5536 -0.887 1.2441, -0.5524 -0.8895 1.2441, -0.5441 -0.9073 1.2441, -0.53 -0.9247 1.2441, 0.1191 -1.3976 1.2441, -0.0094 -0.9424 1.2441, -0.0094 -1.3976 1.2441, -0.4242 -0.9424 1.2441, -0.4406 -0.9487 1.2441, -0.4635 -0.9515 1.2441, -1.3661 -1.3976 1.2441, -0.4672 -0.9514 1.2441, -0.4896 -0.9479 1.2441, -1.3661 -0.9424 1.2441, -0.5027 -0.9424 1.2441, -0.5115 -0.9387 1.2441, -0.3745 -0.8895 1.2441, -0.3746 -0.8897 1.2441, -0.3858 -0.9109 1.2441, -0.4005 -0.9274 1.2441, -0.4194 -0.9406 1.2441, -0.3923 -0.793 1.2441, -0.2652 -0.7266 1.2441, -0.4088 -0.778 1.2441, -0.429 -0.7672 1.2441, -0.0973 -0.6713 1.2441, -0.0786 -0.6987 1.2441, -0.0094 -0.7169 1.2441, -0.0717 -0.7169 1.2441, -0.0676 -0.7278 1.2441, -0.1277 -0.8698 1.2441, -0.1569 -0.8832 1.2441, -0.0094 -0.8895 1.2441, -0.1855 -0.8889 1.2441, -0.2577 -0.8825 1.2441, -0.2619 -0.8784 1.2441, -0.1233 -0.7488 1.2441, -0.1277 -0.7306 1.2441, -0.135 -0.7169 1.2441, -0.6072 -0.7169 1.2441, -0.2586 -0.8371 1.2441, -0.2527 -0.8332 1.2441, -0.2357 -0.7769 1.2441, -0.2461 -0.8308 1.2441, -0.0819 -0.8228 1.2441, -0.0991 -0.8462 1.2441, -0.1027 -0.8499 1.2441, -0.2414 -0.8889 1.2441, -0.2448 -0.8884 1.2441, -0.2512 -0.8864 1.2441, -0.6017 -0.7738 1.2441, -0.5903 -0.7932 1.2441, -0.5421 -0.8029 1.2441, -0.5733 -0.8107 1.2441, -0.5527 -0.8234 1.2441, -0.507 -0.7715 1.2441, -0.5264 -0.785 1.2441, -0.6096 -0.7361 1.2441, -0.6085 -0.7505 1.2441, -0.064 -0.756 1.2441, -0.0642 -0.7621 1.2441, -0.0693 -0.7932 1.2441, -0.269 -0.8594 1.2441, -0.2688 -0.8565 1.2441, -0.3686 -0.8471 1.2441, -0.2671 -0.8492 1.2441, -0.2636 -0.8426 1.2441, -0.486 -0.7635 1.2441, -0.4635 -0.7608 1.2441, -0.4519 -0.7615 1.2441, -0.2659 -0.8724 1.2441, -0.2682 -0.8659 1.2441, -0.3691 -0.8663 1.2441, -0.3686 -0.8566 1.2441, -0.2395 -0.83 1.2441, -0.2386 -0.8301 1.2441, -0.2358 -0.8307 1.2441, -0.1421 -0.8071 1.2441, -0.1316 -0.7923 1.2441, -0.1251 -0.7754 1.2441, -0.1228 -0.757 1.2441, -0.2339 -0.831 1.2441, -0.1912 -0.831 1.2441, -0.1743 -0.8278 1.2441, -0.1575 -0.82 1.2441, -0.1434 -0.8086 1.2441, -0.2072 -0.6671 1.2441, -0.2193 -0.6354 1.2441, -0.2387 -0.6081 1.2441, -0.2785 -0.5781 1.2441, -0.3085 -0.5675 1.2441, -0.2044 -0.683 1.2441, -0.4644 -0.6555 1.2441, -0.4714 -0.6516 1.2441, -0.4927 -0.6439 1.2441, -0.452 -0.6287 1.2441, -0.1968 -0.683 1.2441, -0.1365 -0.7142 1.2441, -0.1476 -0.7018 1.2441, -0.1623 -0.6915 1.2441, -0.1789 -0.6852 1.2441, -0.2514 -0.5959 1.2441, -0.3373 -0.5644 1.2441, -0.3431 -0.5645 1.2441, -0.3747 -0.5695 1.2441, -0.5478 -0.6472 1.2441, -0.569 -0.6584 1.2441, -0.5244 -0.6417 1.2441, -0.5855 -0.6731 1.2441, -0.5987 -0.692 1.2441, -0.4054 -0.5827 1.2441, -0.4314 -0.6027 1.2441, -0.5147 -0.6412 1.2441, -0.6068 -0.7132 1.2441, 0.4992 -0.5757 1.2441, 0.5116 -0.5432 1.2441, 0.4992 -0.5421 1.2441, 0.53 -0.5432 1.2441, 0.5482 -0.6402 1.2441, 0.4992 -0.6402 1.2441, 0.5618 -0.6767 1.2441, 0.4992 -0.7169 1.2441, 0.5808 -0.6767 1.2441, 0.6242 -0.7169 1.2441, 0.6242 -0.5421 1.2441, 0.4608 -0.6767 1.2441, 0.4571 -0.7169 1.2441, 0.4798 -0.6767 1.2441, 0.4926 -0.6402 1.2441, 0.301 -0.5421 1.2441, 0.3165 -0.5432 1.2441, 0.3321 -0.5421 1.2441, 0.3165 -0.5586 1.2441, 0.301 -0.6013 1.2441, 0.3127 -0.6013 1.2441, 0.3195 -0.6615 1.2441, 0.3127 -0.6166 1.2441, 0.301 -0.6166 1.2441, 0.301 -0.5586 1.2441, 0.265 -0.5586 1.2441, 0.265 -0.6013 1.2441, 0.2477 -0.6767 1.2441, 0.24 -0.7169 1.2441, 0.301 -0.6767 1.2441, 0.301 -0.7169 1.2441, 0.3195 -0.6767 1.2441, 0.3321 -0.7169 1.2441, 0.24 -0.5421 1.2441, 0.2477 -0.5432 1.2441, 0.301 -0.5432 1.2441, 0.221 -0.6547 1.2441, 0.221 -0.6712 1.2441, 0.1929 -0.6634 1.2441, 0.208 -0.6605 1.2441, 0.2153 -0.5621 1.2441, 0.2153 -0.6572 1.2441, 0.2195 -0.5637 1.2441, 0.221 -0.5645 1.2441, 0.1549 -0.6521 1.2441, 0.1636 -0.6583 1.2441, 0.206 -0.5585 1.2441, 0.1515 -0.5732 1.2441, 0.1453 -0.5827 1.2441, 0.141 -0.5946 1.2441, 0.1896 -0.5565 1.2441, 0.1844 -0.5568 1.2441, 0.1532 -0.5714 1.2441, 0.1728 -0.559 1.2441, 0.1623 -0.5638 1.2441, 0.1392 -0.6115 1.2441, 0.1393 -0.6164 1.2441, 0.1415 -0.6298 1.2441, 0.1731 -0.662 1.2441, 0.1866 -0.6636 1.2441, 0.1458 -0.6405 1.2441, 0.1523 -0.6495 1.2441, 0.2035 -0.5421 1.2441, 0.2072 -0.5424 1.2441, 0.2153 -0.5421 1.2441, 0.2153 -0.5448 1.2441, 0.221 -0.5465 1.2441, 0.1894 -0.541 1.2441, 0.1271 0.3171 1.2441, 0.2153 0.3171 1.2441, 0.1897 -0.541 1.2441, 0.1307 -0.5733 1.2441, 0.1404 -0.5606 1.2441, 0.1435 -0.5576 1.2441, 0.156 -0.5488 1.2441, 0.1191 -0.5421 1.2441, 0.1244 -0.5881 1.2441, 0.1271 -0.5818 1.2441, 0.1271 -0.6429 1.2441, 0.1233 -0.6324 1.2441, 0.1191 -0.7169 1.2441, 0.1211 -0.6125 1.2441, 0.1213 -0.6055 1.2441, 0.1616 -0.6756 1.2441, 0.149 -0.6697 1.2441, 0.1271 -0.7169 1.2441, 0.1382 -0.6607 1.2441, 0.1361 -0.6584 1.2441, 0.1284 -0.6467 1.2441, 0.2044 -0.677 1.2441, 0.1841 -0.6789 1.2441, 0.176 -0.6786 1.2441, -0.3937 0.8268 1.2441, -0.0094 1.1417 1.2441, -0.3937 0.8661 1.2441, -0.3937 1.1417 1.2441, -0.395 0.8166 1.2441, -0.399 0.8071 1.2441, -0.4052 0.7989 1.2441, -0.4134 0.7927 1.2441, -0.8749 0.7884 1.2441, -0.8832 0.7913 1.2441, -0.8907 0.796 1.2441, -0.8969 0.8022 1.2441, -0.9016 0.8097 1.2441, -0.9045 0.818 1.2441, -1.3661 1.1417 1.2441, -0.9055 0.8268 1.2441, -0.9449 1.1417 1.2441, -0.4229 0.7887 1.2441, -0.4331 0.7874 1.2441, -0.8661 0.7874 1.2441, -0.917 1.1302 1.2441, -0.9252 1.1365 1.2441, -0.9108 1.122 1.2441, -0.9069 1.1126 1.2441, -0.9055 1.1024 1.2441, -0.9347 1.1404 1.2441, 0.4134 0.7927 1.2441, 0.4052 0.7989 1.2441, 0.3321 0.3171 1.2441, 0.399 0.8071 1.2441, 0.395 0.8166 1.2441, 0.3937 0.8268 1.2441, 0.6242 0.3171 1.2441, 0.4992 0.7874 1.2441, 0.4992 0.3171 1.2441, 0.4571 0.7874 1.2441, 0.4571 0.3171 1.2441, 0.4331 0.7874 1.2441, 0.4229 0.7887 1.2441, 1.0571 0.3171 1.2441, 0.8661 0.7874 1.2441, 0.6242 0.7874 1.2441, 0.9045 0.818 1.2441, 0.9055 0.8268 1.2441, 1.0571 1.1417 1.2441, 0.9449 1.1417 1.2441, 0.9016 0.8097 1.2441, 0.8969 0.8022 1.2441, 0.8907 0.796 1.2441, 0.8832 0.7913 1.2441, 0.8749 0.7884 1.2441, 0.9347 1.1404 1.2441, 0.9069 1.1126 1.2441, 0.9055 1.1024 1.2441, 0.9252 1.1365 1.2441, 0.917 1.1302 1.2441, 0.9108 1.122 1.2441, 0.1398 -0.843 1.2441, 0.1424 -0.816 1.2441, 0.1364 -0.8478 1.2441, 0.1342 -0.8537 1.2441, 0.2153 -0.8895 1.2441, 0.2096 -0.8884 1.2441, 0.1929 -0.8884 1.2441, 0.1929 -0.8737 1.2441, 0.1925 -0.8737 1.2441, 0.1896 -0.878 1.2441, 0.1842 -0.8836 1.2441, 0.1449 -0.8385 1.2441, 0.152 -0.8349 1.2441, 0.154 -0.8087 1.2441, 0.1647 -0.8318 1.2441, 0.1794 -0.8051 1.2441, 0.1736 -0.8045 1.2441, 0.1644 -0.8054 1.2441, 0.1271 -0.8895 1.2441, 0.1465 -0.8869 1.2441, 0.1412 -0.8831 1.2441, 0.1389 -0.8807 1.2441, 0.1358 -0.876 1.2441, 0.1338 -0.8703 1.2441, 0.1851 -0.7918 1.2441, 0.1922 -0.7939 1.2441, 0.1977 -0.797 1.2441, 0.2022 -0.8013 1.2441, 0.2057 -0.8067 1.2441, 0.2083 -0.8142 1.2441, 0.2096 -0.8271 1.2441, 0.1929 -0.8278 1.2441, 0.1924 -0.8206 1.2441, 0.1906 -0.8146 1.2441, 0.1887 -0.8111 1.2441, 0.1424 -0.7998 1.2441, 0.1457 -0.7978 1.2441, 0.1581 -0.793 1.2441, 0.1752 -0.7909 1.2441, 0.1862 -0.8084 1.2441, 0.1832 -0.8065 1.2441, 0.133 -0.8629 1.2441, 0.1331 -0.8609 1.2441, 0.1781 -0.8875 1.2441, 0.1722 -0.8895 1.2441, 0.2153 -0.9424 1.2441, 0.1712 -0.8899 1.2441, 0.1633 -0.8906 1.2441, 0.1271 -0.9424 1.2441, 0.1606 -0.8906 1.2441, 0.1538 -0.8895 1.2441, 0.1528 -0.8894 1.2441, 0.233 -0.813 1.2441, 0.2349 -0.8077 1.2441, 0.24 -0.8878 1.2441, 0.2323 -0.8851 1.2441, 0.2323 -0.8678 1.2441, 0.2351 -0.8306 1.2441, 0.2332 -0.8256 1.2441, 0.2383 -0.8716 1.2441, 0.24 -0.8722 1.2441, 0.24 -0.8368 1.2441, 0.2324 -0.8188 1.2441, 0.238 -0.8031 1.2441, 0.2371 -0.8339 1.2441, 0.2399 -0.8367 1.2441, 0.244 -0.8892 1.2441, 0.24 -0.8895 1.2441, 0.2474 -0.8895 1.2441, 0.2581 -0.8906 1.2441, 0.2921 -0.7951 1.2441, 0.2921 -0.8114 1.2441, 0.2959 -0.8689 1.2441, 0.294 -0.8742 1.2441, 0.2909 -0.8786 1.2441, 0.24 -0.8013 1.2441, 0.2431 -0.7985 1.2441, 0.2471 -0.796 1.2441, 0.256 -0.7925 1.2441, 0.2695 -0.7909 1.2441, 0.2812 -0.7919 1.2441, 0.2911 -0.8467 1.2441, 0.294 -0.851 1.2441, 0.2959 -0.8559 1.2441, 0.2967 -0.8625 1.2441, 0.2859 -0.8831 1.2441, 0.2811 -0.8859 1.2441, 0.2679 -0.8045 1.2441, 0.2629 -0.8049 1.2441, 0.2496 -0.8173 1.2441, 0.2584 -0.806 1.2441, 0.2547 -0.808 1.2441, 0.2498 -0.8195 1.2441, 0.2504 -0.8221 1.2441, 0.2516 -0.8244 1.2441, 0.2533 -0.8262 1.2441, 0.2592 -0.8299 1.2441, 0.2796 -0.8059 1.2441, 0.2695 -0.8344 1.2441, 0.289 -0.8096 1.2441, 0.276 -0.837 1.2441, 0.2871 -0.8432 1.2441, 0.2522 -0.8103 1.2441, 0.2507 -0.8124 1.2441, 0.2499 -0.8146 1.2441, 0.2487 -0.8756 1.2441, 0.2577 -0.8465 1.2441, 0.2477 -0.8419 1.2441, 0.2598 -0.877 1.2441, 0.2605 -0.877 1.2441, 0.2687 -0.8511 1.2441, 0.2691 -0.876 1.2441, 0.2795 -0.8641 1.2441, 0.2793 -0.862 1.2441, 0.2734 -0.8745 1.2441, 0.2749 -0.8735 1.2441, 0.2768 -0.8718 1.2441, 0.2783 -0.8697 1.2441, 0.2791 -0.8673 1.2441, 0.2786 -0.8594 1.2441, 0.2773 -0.8572 1.2441, 0.2752 -0.855 1.2441, 0.3588 -0.8895 1.2441, 0.4149 -0.8884 1.2441, 0.3968 -0.7931 1.2441, 0.4149 -0.7549 1.2441, 0.3489 -0.8647 1.2441, 0.351 -0.8726 1.2441, 0.3514 -0.8726 1.2441, 0.3522 -0.8693 1.2441, 0.3535 -0.8649 1.2441, 0.3321 -0.8163 1.2441, 0.3795 -0.7931 1.2441, 0.3321 -0.8895 1.2441, 0.3321 -0.8612 1.2441, 0.3054 -0.7931 1.2441, 0.324 -0.7931 1.2441, 0.3427 -0.8882 1.2441, 0.3422 -0.8895 1.2441, 0.3354 -0.9055 1.2441, 0.301 -0.9424 1.2441, 0.3088 -0.9319 1.2441, 0.3088 -0.9171 1.2441, 0.3122 -0.9182 1.2441, 0.3183 -0.919 1.2441, 0.3195 -0.9189 1.2441, 0.3233 -0.9182 1.2441, 0.3269 -0.9166 1.2441, 0.3287 -0.9152 1.2441, 0.3319 -0.9119 1.2441, 0.3321 -0.9114 1.2441, 0.3321 -0.9303 1.2441, 0.3264 -0.9325 1.2441, 0.3321 -0.9424 1.2441, 0.3196 -0.9333 1.2441, 0.3156 -0.9331 1.2441, 0.4571 -0.9424 1.2441, 0.3536 -0.9028 1.2441, 0.3459 -0.9176 1.2441, 0.3398 -0.925 1.2441, 0.3388 -0.9259 1.2441, 0.333 -0.93 1.2441, 0.4571 -0.7549 1.2441, 0.4836 -0.7549 1.2441, 0.4836 -0.7703 1.2441, 0.4571 -0.813 1.2441, 0.4798 -0.813 1.2441, 0.4866 -0.8732 1.2441, 0.4798 -0.8283 1.2441, 0.4571 -0.8283 1.2441, 0.4571 -0.7703 1.2441, 0.4321 -0.7703 1.2441, 0.4321 -0.813 1.2441, 0.1191 -0.9424 1.2441, 0.1271 -1.3976 1.2441, 0.2153 -1.3976 1.2441, 0.3321 -1.3976 1.2441, 0.4571 -1.3976 1.2441, 0.4992 -1.3976 1.2441, 0.4992 -0.9424 1.2441, 0.4992 -0.8895 1.2441, 0.114 -0.7703 1.2441, 0.1171 -0.8732 1.2441, 0.1191 -0.8895 1.2441, 0.1171 -0.8884 1.2441, 0.0453 -0.8884 1.2441, 0.0453 -0.7549 1.2441, 0.114 -0.7549 1.2441, 0.0625 -0.8283 1.2441, 0.0625 -0.8732 1.2441, 0.1102 -0.8283 1.2441, 0.1102 -0.813 1.2441, 0.0625 -0.813 1.2441, 0.0625 -0.7703 1.2441, 0.5485 -0.8884 1.2441, 0.5118 -0.8884 1.2441, 0.6169 -0.844 1.2441, 0.6103 -0.8579 1.2441, 0.6242 -0.8895 1.2441, 0.6132 -0.7887 1.2441, 0.6182 -0.8014 1.2441, 0.6205 -0.82 1.2441, 0.6201 -0.8284 1.2441, 0.6004 -0.8697 1.2441, 0.5866 -0.8796 1.2441, 0.5715 -0.8856 1.2441, 0.6242 -0.9424 1.2441, 0.6242 -1.3976 1.2441, 0.5118 -0.7549 1.2441, 0.5499 -0.7549 1.2441, 0.5703 -0.7572 1.2441, 0.5864 -0.7631 1.2441, 0.6004 -0.7726 1.2441, 0.6049 -0.7771 1.2441, 0.748 -0.8884 1.2441, 0.7289 -0.8884 1.2441, 1.0571 -0.8895 1.2441, 1.0571 -0.7169 1.2441, 0.6971 -0.7549 1.2441, 1.0571 -0.9424 1.2441, 1.0571 -1.3976 1.2441, 0.7153 -0.8519 1.2441, 0.6598 -0.8519 1.2441, 0.6469 -0.8884 1.2441, 0.6279 -0.8884 1.2441, 0.6787 -0.7549 1.2441, 0.0453 -0.6767 1.2441, 0.0453 -0.5432 1.2441, 0.1157 -0.6767 1.2441, 0.4461 -0.577 1.2441, 0.3447 -0.6767 1.2441, 0.453 -0.6167 1.2441, 0.4497 -0.6323 1.2441, 0.4432 -0.6462 1.2441, 0.4332 -0.658 1.2441, 0.4195 -0.6679 1.2441, 0.4043 -0.6739 1.2441, 0.3814 -0.6767 1.2441, 0.3447 -0.5432 1.2441, 0.3828 -0.5432 1.2441, 0.4032 -0.5455 1.2441, 0.4193 -0.5514 1.2441, 0.4332 -0.5609 1.2441, 0.4378 -0.5654 1.2441, 1.0571 -0.5421 1.2441, 0.1191 0.3171 1.2441, 0.24 0.3171 1.2441, 0.301 0.3171 1.2441, 0.301 1.1417 1.2441, 0.24 1.1417 1.2441, 0.2153 1.1417 1.2441, 0.1271 1.1417 1.2441, 0.1191 1.1417 1.2441, 1.3661 -1.3976 1.2441, 1.3661 -0.9424 1.2441, 1.3661 -0.8895 1.2441, 1.3661 -0.7169 1.2441, 1.3661 -0.5421 1.2441, 1.3661 0.3171 1.2441, 1.3661 1.1417 1.2441, 2.2736 -0.3543 0.315, 2.2736 -0.5118 0.315, 2.2736 -0.3543 0.0394, 2.2736 -0.521 0.3044, 2.2736 -0.3937 0.0, 2.2736 -0.5413 0.2888, 2.2736 -0.5651 0.2789, 2.2736 -0.7874 0.0, 2.2736 -0.5906 0.2756, 2.2736 -0.6693 0.315, 2.2736 -0.8268 0.315, 2.2736 -0.6601 0.3044, 2.2736 -0.8268 0.0394, 2.2736 -0.6398 0.2888, 2.2736 -0.616 0.2789, 2.1555 -0.6398 0.2888, 2.1555 -0.7874 0.0, 2.1555 -0.6601 0.3044, 2.1555 -0.8268 0.0394, 2.1555 -0.6693 0.315, 2.1555 -0.8268 0.315, 2.1555 -0.616 0.2789, 2.1555 -0.5906 0.2756, 2.1555 -0.3937 0.0, 2.1555 -0.5118 0.315, 2.1555 -0.3543 0.315, 2.1555 -0.521 0.3044, 2.1555 -0.3543 0.0394, 2.1555 -0.5413 0.2888, 2.1555 -0.5651 0.2789, 2.1528 -0.8268 0.3353, 2.1528 -0.6811 0.3353, 2.1549 -0.6758 0.3248, 2.145 -0.8268 0.3543, 2.1324 -0.8268 0.3706, 2.1324 -0.6889 0.3706, 2.1392 -0.6883 0.3629, 2.1446 -0.6867 0.3541, 2.148 -0.6856 0.3485, 2.0768 -0.8268 0.3937, 2.0768 -0.689 0.3937, 2.0972 -0.8268 0.391, 2.0972 -0.689 0.391, 2.1161 -0.8268 0.3832, 2.1161 -0.689 0.3832, 2.1289 -0.689 0.374, 2.0768 -0.4921 0.3937, 2.0768 -0.3543 0.3937, 2.0972 -0.4921 0.391, 2.0972 -0.3543 0.391, 2.1161 -0.4921 0.3832, 2.1161 -0.3543 0.3832, 2.1289 -0.4921 0.374, 2.1324 -0.3543 0.3706, 2.1322 -0.4923 0.3704, 2.1393 -0.4928 0.3629, 2.145 -0.3543 0.3543, 2.145 -0.4941 0.3543, 2.148 -0.4955 0.3485, 2.1528 -0.3543 0.3353, 2.1528 -0.5 0.3353, 2.1549 -0.5053 0.3248, 2.2472 -0.8268 0.4134, 2.2669 -0.8268 0.3659, 2.2646 -0.689 0.374, 2.2734 -0.6758 0.3248, 2.2725 -0.6815 0.3363, 2.2707 -0.6856 0.3485, 2.2669 -0.6886 0.3659, 2.2472 -0.689 0.4134, 2.216 -0.689 0.4542, 2.216 -0.8268 0.4542, 2.1752 -0.689 0.4854, 2.1752 -0.8268 0.4854, 2.1277 -0.689 0.5051, 2.1277 -0.8268 0.5051, 2.0768 -0.689 0.5118, 2.0768 -0.8268 0.5118, 2.2734 -0.5053 0.3248, 2.2725 -0.4996 0.3363, 2.2472 -0.4921 0.4134, 2.2646 -0.4921 0.374, 2.2669 -0.3543 0.3659, 2.2669 -0.4925 0.3659, 2.2707 -0.4955 0.3485, 2.2472 -0.3543 0.4134, 2.216 -0.3543 0.4542, 2.216 -0.4921 0.4542, 2.1752 -0.3543 0.4854, 2.1752 -0.4921 0.4854, 2.1277 -0.3543 0.5051, 2.1277 -0.4921 0.5051, 2.0768 -0.3543 0.5118, 2.0768 -0.4921 0.5118, -2.1528 -0.3543 0.3353, -2.1528 -0.5 0.3353, -2.1555 -0.3543 0.315, -2.1549 -0.5053 0.3248, -2.1555 -0.5118 0.315, -2.145 -0.3543 0.3543, -2.1324 -0.3543 0.3706, -2.1324 -0.4922 0.3706, -2.1392 -0.4928 0.3629, -2.1446 -0.4944 0.3541, -2.148 -0.4955 0.3485, -2.0768 -0.3543 0.3937, -2.0768 -0.4921 0.3937, -2.0972 -0.3543 0.391, -2.0972 -0.4921 0.391, -2.1161 -0.3543 0.3832, -2.1161 -0.4921 0.3832, -2.1289 -0.4921 0.374, -2.2472 -0.3543 0.4134, -2.216 -0.4921 0.4542, -2.216 -0.3543 0.4542, -2.1752 -0.4921 0.4854, -2.1752 -0.3543 0.4854, -2.1277 -0.4921 0.5051, -2.1277 -0.3543 0.5051, -2.0768 -0.4921 0.5118, -2.0768 -0.3543 0.5118, -2.2669 -0.3543 0.3659, -2.2646 -0.4921 0.374, -2.2472 -0.4921 0.4134, -2.2736 -0.3543 0.315, -2.2736 -0.5118 0.315, -2.2734 -0.5053 0.3248, -2.2725 -0.4996 0.3363, -2.2707 -0.4955 0.3485, -2.2669 -0.4925 0.3659, -2.2669 -0.4925 0.3659
            ]
        }
        coordIndex [
            0,1,2,-1,3,4,5,-1,6,7,8,-1,9,10,11,-1,12,13,14,-1,15,16,17,-1,18,19,20,-1,21,22,23,-1,24,25,26,-1,27,28,29,-1,30,31,32,-1,32,31,33,-1,33,34,32,-1,32,34,35,-1,32,35,36,-1,37,38,39,-1,40,41,42,-1,42,41,39,-1,39,41,43,-1,39,43,37,-1,40,42,44,-1,44,42,45,-1,44,45,46,-1,45,47,48,-1,45,49,46,-1,46,49,50,-1,46,50,51,-1,51,50,52,-1,51,52,53,-1,48,54,45,-1,45,54,55,-1,45,55,49,-1,56,57,58,-1,58,57,59,-1,59,60,58,-1,58,60,61,-1,58,61,62,-1,62,61,63,-1,63,64,62,-1,62,64,65,-1,62,65,45,-1,45,65,66,-1,45,66,47,-1,67,56,68,-1,68,56,58,-1,68,58,69,-1,69,58,70,-1,71,72,73,-1,73,72,74,-1,74,75,73,-1,73,75,76,-1,73,76,77,-1,76,78,77,-1,77,78,79,-1,77,79,80,-1,80,79,81,-1,80,81,58,-1,58,81,82,-1,58,82,70,-1,83,84,72,-1,72,84,85,-1,85,86,72,-1,72,86,87,-1,72,87,74,-1,88,89,90,-1,90,89,91,-1,36,92,32,-1,32,92,93,-1,32,93,94,-1,94,93,95,-1,94,95,96,-1,97,98,99,-1,99,98,100,-1,83,101,102,-1,103,104,89,-1,89,104,105,-1,89,105,106,-1,107,108,109,-1,109,108,110,-1,111,112,99,-1,99,112,113,-1,99,113,97,-1,114,115,83,-1,83,115,116,-1,83,116,101,-1,117,118,119,-1,119,118,120,-1,119,120,121,-1,122,106,123,-1,123,106,124,-1,123,124,119,-1,119,124,125,-1,119,125,117,-1,96,126,94,-1,94,126,127,-1,94,127,99,-1,99,127,128,-1,99,128,111,-1,129,130,131,-1,131,130,132,-1,131,132,109,-1,109,132,133,-1,109,133,107,-1,122,134,106,-1,106,134,135,-1,106,135,89,-1,89,135,136,-1,89,136,91,-1,102,137,83,-1,83,137,138,-1,83,138,139,-1,139,138,129,-1,139,129,140,-1,140,129,131,-1,110,141,109,-1,109,141,142,-1,109,142,143,-1,144,145,109,-1,109,145,146,-1,109,146,89,-1,89,146,147,-1,89,147,103,-1,143,148,109,-1,109,148,149,-1,109,149,150,-1,150,151,109,-1,109,151,152,-1,109,152,144,-1,153,154,155,-1,156,157,158,-1,105,159,106,-1,106,159,160,-1,106,160,161,-1,162,159,158,-1,158,159,105,-1,158,105,163,-1,163,105,164,-1,164,165,163,-1,163,165,166,-1,163,166,167,-1,153,155,158,-1,158,155,168,-1,158,168,156,-1,157,169,158,-1,158,169,170,-1,158,170,171,-1,172,173,174,-1,174,173,175,-1,174,175,176,-1,171,177,158,-1,158,177,178,-1,158,178,162,-1,161,179,106,-1,106,179,174,-1,106,174,180,-1,180,174,176,-1,181,182,183,-1,183,182,184,-1,185,186,187,-1,187,186,188,-1,187,188,189,-1,189,188,190,-1,189,190,184,-1,184,190,191,-1,184,191,183,-1,192,193,194,-1,194,193,188,-1,194,188,195,-1,195,188,186,-1,196,197,198,-1,198,197,199,-1,200,201,199,-1,202,203,29,-1,29,203,204,-1,29,204,27,-1,199,205,200,-1,200,205,206,-1,200,206,207,-1,208,209,210,-1,210,209,211,-1,210,211,212,-1,212,211,213,-1,212,213,202,-1,214,215,196,-1,196,215,216,-1,196,216,197,-1,217,218,209,-1,219,220,221,-1,221,220,222,-1,221,222,223,-1,223,222,217,-1,223,217,224,-1,224,217,209,-1,224,209,214,-1,214,209,208,-1,214,208,215,-1,221,225,226,-1,227,228,221,-1,221,228,229,-1,221,229,230,-1,227,231,228,-1,228,231,232,-1,228,232,233,-1,233,232,234,-1,233,234,235,-1,230,236,221,-1,221,236,237,-1,221,237,238,-1,226,239,221,-1,221,239,240,-1,221,240,219,-1,238,241,221,-1,221,241,242,-1,221,242,225,-1,243,244,245,-1,245,244,246,-1,245,246,214,-1,214,246,247,-1,214,247,224,-1,22,248,249,-1,249,248,250,-1,250,248,251,-1,250,251,243,-1,23,252,253,-1,253,254,23,-1,23,254,255,-1,23,255,21,-1,256,257,23,-1,23,257,258,-1,23,258,252,-1,259,260,261,-1,261,260,262,-1,261,262,256,-1,256,262,263,-1,256,263,257,-1,264,265,266,-1,265,267,266,-1,266,267,268,-1,266,268,269,-1,25,270,26,-1,26,270,271,-1,26,271,266,-1,266,271,272,-1,266,272,264,-1,273,274,275,-1,275,274,276,-1,277,278,39,-1,39,278,279,-1,39,279,280,-1,281,282,42,-1,42,282,283,-1,42,283,284,-1,284,285,42,-1,42,285,286,-1,42,286,287,-1,287,286,288,-1,287,288,289,-1,280,290,39,-1,39,290,291,-1,39,291,42,-1,42,291,292,-1,42,292,281,-1,293,294,295,-1,295,294,296,-1,288,297,289,-1,289,297,296,-1,289,296,298,-1,298,296,294,-1,299,300,301,-1,300,302,301,-1,301,302,303,-1,301,303,304,-1,18,20,304,-1,305,306,307,-1,307,306,308,-1,307,308,309,-1,309,308,310,-1,309,310,301,-1,301,310,311,-1,301,311,299,-1,312,313,305,-1,305,313,314,-1,305,314,306,-1,315,312,316,-1,316,312,317,-1,316,317,318,-1,315,319,312,-1,312,319,320,-1,312,320,321,-1,321,322,312,-1,312,322,323,-1,312,323,313,-1,324,325,318,-1,318,325,326,-1,318,326,316,-1,324,327,325,-1,325,327,328,-1,325,328,329,-1,330,331,332,-1,332,331,333,-1,334,335,336,-1,337,338,336,-1,336,338,339,-1,336,339,340,-1,330,341,331,-1,331,341,342,-1,331,342,343,-1,343,342,344,-1,345,346,344,-1,344,346,347,-1,344,347,343,-1,348,349,350,-1,350,351,348,-1,348,351,352,-1,348,352,353,-1,354,355,26,-1,26,355,356,-1,26,356,357,-1,357,358,26,-1,26,358,359,-1,26,359,360,-1,361,362,344,-1,344,362,363,-1,344,363,364,-1,365,366,266,-1,266,366,367,-1,266,367,26,-1,26,367,368,-1,26,368,354,-1,364,369,344,-1,344,369,370,-1,344,370,345,-1,353,371,348,-1,348,371,372,-1,348,372,266,-1,266,372,333,-1,266,333,365,-1,365,333,331,-1,340,373,336,-1,336,373,374,-1,336,374,334,-1,334,374,375,-1,376,377,378,-1,377,379,378,-1,378,379,380,-1,378,380,348,-1,348,380,381,-1,348,381,349,-1,382,383,26,-1,384,385,334,-1,334,385,386,-1,387,388,386,-1,389,390,391,-1,382,26,392,-1,383,393,26,-1,26,393,209,-1,26,209,24,-1,24,209,218,-1,387,386,394,-1,389,391,386,-1,386,391,395,-1,386,395,394,-1,388,392,386,-1,386,392,26,-1,386,26,334,-1,334,26,360,-1,334,360,335,-1,396,397,398,-1,398,397,6,-1,398,6,399,-1,400,401,17,-1,402,403,17,-1,17,403,404,-1,393,405,209,-1,209,405,406,-1,209,406,407,-1,407,408,209,-1,209,408,409,-1,209,409,211,-1,211,409,410,-1,211,410,400,-1,411,412,401,-1,401,412,413,-1,401,413,17,-1,17,413,414,-1,17,414,402,-1,404,415,17,-1,17,415,416,-1,17,416,15,-1,417,418,419,-1,419,418,420,-1,419,420,421,-1,419,422,417,-1,417,422,423,-1,417,423,424,-1,424,425,417,-1,417,425,426,-1,417,426,427,-1,427,426,428,-1,427,428,429,-1,429,428,430,-1,429,430,401,-1,401,430,431,-1,401,431,411,-1,432,433,421,-1,421,433,434,-1,421,434,419,-1,435,436,390,-1,390,436,437,-1,390,437,391,-1,435,438,436,-1,436,438,439,-1,436,439,440,-1,440,439,441,-1,440,442,443,-1,441,444,440,-1,440,444,445,-1,440,445,446,-1,446,447,440,-1,440,447,448,-1,440,448,442,-1,443,449,440,-1,440,449,450,-1,440,450,451,-1,452,453,454,-1,454,453,455,-1,456,457,458,-1,458,459,456,-1,456,459,460,-1,456,460,461,-1,461,460,462,-1,461,462,213,-1,463,464,17,-1,17,464,465,-1,400,17,211,-1,211,17,465,-1,211,465,213,-1,213,465,466,-1,213,466,461,-1,467,464,468,-1,468,464,463,-1,468,463,469,-1,470,471,472,-1,473,474,17,-1,399,6,16,-1,16,6,470,-1,16,470,17,-1,17,470,472,-1,17,472,473,-1,474,475,17,-1,17,475,476,-1,17,476,477,-1,477,478,17,-1,17,478,479,-1,17,479,463,-1,463,479,480,-1,463,480,469,-1,481,482,483,-1,483,482,484,-1,483,484,470,-1,470,484,485,-1,470,485,471,-1,10,453,11,-1,11,453,452,-1,11,452,486,-1,486,452,487,-1,486,487,488,-1,488,489,486,-1,486,489,490,-1,486,490,483,-1,483,490,491,-1,483,491,481,-1,462,454,213,-1,213,454,455,-1,213,455,193,-1,193,455,492,-1,193,492,188,-1,188,492,493,-1,188,493,494,-1,495,496,494,-1,497,498,14,-1,14,498,499,-1,14,499,12,-1,494,500,495,-1,495,500,501,-1,495,501,502,-1,71,503,72,-1,72,503,99,-1,72,99,83,-1,83,99,100,-1,83,100,114,-1,504,505,378,-1,378,505,375,-1,378,375,376,-1,376,375,374,-1,6,8,470,-1,470,8,506,-1,470,506,483,-1,483,506,507,-1,483,507,486,-1,505,7,375,-1,375,7,6,-1,375,6,334,-1,334,6,397,-1,334,397,384,-1,384,397,396,-1,507,508,486,-1,486,508,509,-1,486,509,11,-1,11,509,510,-1,11,510,9,-1,9,510,497,-1,511,512,261,-1,261,512,513,-1,513,512,514,-1,513,514,515,-1,503,513,99,-1,99,513,515,-1,99,515,94,-1,94,515,516,-1,94,516,261,-1,261,516,517,-1,261,517,511,-1,518,519,520,-1,520,519,512,-1,520,512,521,-1,521,512,511,-1,521,511,522,-1,522,511,523,-1,71,504,503,-1,503,504,378,-1,503,378,513,-1,513,378,348,-1,513,348,261,-1,261,348,266,-1,261,266,259,-1,259,266,269,-1,524,525,510,-1,526,527,528,-1,525,188,510,-1,510,188,494,-1,510,494,497,-1,497,494,496,-1,497,496,498,-1,529,530,190,-1,190,530,531,-1,190,531,528,-1,528,531,532,-1,528,532,526,-1,527,533,528,-1,528,533,534,-1,528,534,535,-1,535,524,528,-1,528,524,510,-1,528,510,536,-1,536,510,509,-1,536,509,537,-1,537,509,508,-1,525,538,188,-1,188,538,539,-1,188,539,190,-1,190,539,540,-1,190,540,541,-1,541,542,190,-1,190,542,543,-1,190,543,529,-1,544,545,528,-1,546,547,548,-1,548,544,546,-1,546,544,528,-1,546,528,549,-1,549,528,536,-1,549,536,550,-1,550,536,537,-1,551,552,545,-1,545,552,553,-1,545,553,528,-1,528,553,554,-1,528,554,190,-1,190,554,555,-1,556,557,32,-1,32,557,3,-1,32,3,256,-1,256,3,5,-1,256,5,261,-1,261,5,558,-1,261,558,94,-1,94,558,556,-1,94,556,32,-1,0,2,559,-1,560,198,213,-1,213,198,199,-1,213,199,202,-1,202,199,201,-1,202,201,203,-1,561,562,193,-1,193,562,563,-1,193,563,564,-1,181,183,192,-1,192,183,2,-1,192,2,193,-1,193,2,1,-1,193,1,561,-1,564,565,193,-1,193,565,566,-1,193,566,213,-1,213,566,567,-1,213,567,560,-1,560,568,198,-1,198,568,569,-1,198,569,2,-1,2,569,570,-1,2,570,571,-1,571,572,2,-1,2,572,573,-1,2,573,559,-1,555,548,190,-1,190,548,547,-1,190,547,191,-1,191,547,574,-1,22,249,23,-1,23,249,575,-1,23,575,256,-1,256,575,39,-1,256,39,32,-1,32,39,38,-1,32,38,30,-1,243,245,250,-1,250,245,214,-1,250,214,576,-1,576,214,196,-1,576,196,577,-1,577,196,198,-1,577,198,301,-1,301,198,2,-1,301,2,309,-1,309,2,183,-1,309,183,307,-1,307,183,191,-1,307,191,305,-1,305,191,574,-1,305,574,312,-1,304,20,301,-1,301,20,578,-1,301,578,577,-1,577,578,579,-1,577,579,576,-1,576,579,580,-1,576,580,250,-1,250,580,581,-1,250,581,249,-1,249,581,582,-1,249,582,575,-1,575,582,274,-1,575,274,39,-1,39,274,273,-1,39,273,277,-1,550,583,549,-1,549,583,584,-1,549,584,546,-1,546,584,585,-1,546,585,547,-1,547,585,586,-1,547,586,574,-1,574,586,587,-1,574,587,312,-1,312,587,588,-1,312,588,317,-1,317,588,589,-1,590,591,592,-1,592,591,593,-1,592,593,594,-1,593,595,594,-1,594,595,596,-1,594,596,597,-1,597,596,598,-1,599,600,601,-1,601,600,602,-1,601,602,603,-1,603,602,597,-1,603,597,604,-1,604,597,598,-1,605,606,607,-1,607,606,608,-1,607,608,609,-1,609,608,610,-1,605,611,606,-1,606,611,612,-1,606,612,613,-1,614,615,616,-1,616,615,617,-1,616,617,618,-1,618,617,613,-1,618,613,619,-1,619,613,612,-1,620,621,610,-1,610,621,622,-1,610,622,609,-1,623,624,625,-1,625,626,623,-1,623,626,627,-1,623,627,620,-1,620,627,628,-1,620,628,621,-1,629,630,631,-1,631,630,632,-1,631,632,633,-1,633,632,634,-1,633,634,624,-1,624,634,635,-1,624,635,625,-1,636,637,638,-1,638,637,639,-1,638,639,640,-1,640,639,641,-1,640,641,642,-1,642,641,643,-1,642,643,644,-1,644,643,645,-1,645,643,646,-1,645,646,647,-1,647,646,648,-1,648,646,649,-1,648,649,650,-1,650,649,651,-1,651,649,615,-1,651,615,614,-1,652,653,654,-1,600,599,655,-1,655,656,600,-1,600,656,657,-1,600,657,653,-1,653,657,658,-1,653,658,654,-1,654,659,652,-1,652,659,660,-1,652,660,661,-1,661,660,662,-1,661,662,663,-1,663,662,664,-1,663,664,665,-1,665,664,666,-1,665,666,667,-1,591,590,668,-1,668,590,669,-1,670,671,672,-1,672,671,673,-1,672,673,590,-1,590,673,674,-1,590,674,669,-1,672,675,670,-1,670,675,676,-1,670,676,677,-1,677,676,678,-1,677,678,679,-1,679,678,680,-1,679,680,681,-1,681,680,682,-1,681,682,683,-1,684,685,686,-1,686,685,687,-1,686,687,688,-1,689,690,691,-1,691,692,689,-1,689,692,693,-1,689,693,684,-1,684,693,694,-1,684,694,685,-1,695,696,697,-1,697,696,698,-1,697,698,699,-1,699,698,700,-1,699,700,690,-1,690,700,701,-1,690,701,691,-1,702,703,704,-1,704,703,705,-1,704,705,706,-1,706,705,707,-1,706,707,708,-1,708,707,709,-1,708,709,710,-1,711,712,702,-1,702,712,713,-1,702,713,703,-1,714,715,716,-1,716,717,714,-1,714,717,718,-1,714,718,711,-1,711,718,719,-1,711,719,712,-1,
        ]
    }
}
Shape{
    appearance Appearance {
        material  Material 	{
            diffuseColor 1.0 1.0 0.0
            specularColor 0.5019607843137255 0.5019607843137255 0.0
            ambientIntensity 0.2
            transparency 0
            shininess 0.5
        }
    }
    geometry IndexedFaceSet {
        ccw TRUE
        solid FALSE
        coord DEF co Coordinate {
            point [
                -1.6417 0.748 0.7874, -1.7598 0.748 0.7874, -1.6417 0.8268 0.7874, -1.7598 0.8268 0.7874, -1.7598 0.8268 0.7874
            ]
        }
        coordIndex [
            0,1,2,-1,2,1,3,-1,
        ]
    }
}
Shape{
    appearance Appearance {
        material  Material 	{
            diffuseColor 0.7529411764705882 0.7529411764705882 0.7529411764705882
            specularColor 0.3764705882352941 0.3764705882352941 0.3764705882352941
            ambientIntensity 0.2
            transparency 0
            shininess 0.5
        }
    }
    geometry IndexedFaceSet {
        ccw TRUE
        solid FALSE
        coord DEF co Coordinate {
            point [
                -0.3621 1.1417 1.126, 0.3621 1.1417 1.126, -0.3621 0.9055 1.126, 0.3621 0.9055 1.126, 0.4331 0.9055 1.126, 0.4229 0.9042 1.126, 0.395 0.8166 1.126, 0.399 0.8071 1.126, -1.3661 -1.3976 1.126, 0.4052 0.7989 1.126, 0.4134 0.9002 1.126, 0.4052 0.894 1.126, 0.399 0.8858 1.126, 0.4134 0.7927 1.126, 0.4229 0.7887 1.126, 1.3661 -1.3976 1.126, 0.4331 0.7874 1.126, 0.8661 0.7874 1.126, 0.8749 0.7884 1.126, 0.8832 0.7913 1.126, 0.8907 0.796 1.126, 0.8969 0.8022 1.126, 0.9016 0.8097 1.126, 1.3661 1.1417 1.126, 0.9045 0.818 1.126, 0.9055 0.8268 1.126, 0.9055 1.1024 1.126, -0.4052 0.894 1.126, -0.4134 0.9002 1.126, -0.4229 0.9042 1.126, -0.4331 0.9055 1.126, -0.4052 0.7989 1.126, -0.4134 0.7927 1.126, -0.4229 0.7887 1.126, -0.399 0.8071 1.126, -0.395 0.8166 1.126, -0.3937 0.8268 1.126, -0.8969 0.8022 1.126, -0.8907 0.796 1.126, -0.8832 0.7913 1.126, -0.8749 0.7884 1.126, -0.8661 0.7874 1.126, -0.4331 0.7874 1.126, -0.3937 0.8661 1.126, -0.395 0.8763 1.126, -0.399 0.8858 1.126, 0.9278 1.1378 1.126, 0.9361 1.1407 1.126, 0.9449 1.1417 1.126, -0.9361 1.1407 1.126, -0.9055 1.1024 1.126, -0.9449 1.1417 1.126, -0.9055 0.8268 1.126, -1.3661 1.1417 1.126, -0.9045 0.818 1.126, -0.9016 0.8097 1.126, 0.395 0.8763 1.126, 0.3937 0.8661 1.126, 0.3937 0.8268 1.126, 0.9065 1.1111 1.126, 0.9094 1.1194 1.126, 0.9203 1.1331 1.126, 0.9141 1.1269 1.126, -0.9278 1.1378 1.126, -0.9203 1.1331 1.126, -0.9065 1.1111 1.126, -0.9141 1.1269 1.126, -0.9094 1.1194 1.126, -0.3937 0.8661 1.2441, -0.3937 0.8268 1.2441, -2.1555 1.1417 0.0394, -2.2736 1.1417 0.0394, -2.1555 1.1417 0.315, -2.2736 1.1417 0.315, -2.1528 1.1417 0.3353, -2.2669 1.1417 0.3659, -2.145 1.1417 0.3543, -2.2472 1.1417 0.4134, -2.1324 1.1417 0.3706, -2.216 1.1417 0.4542, -2.1161 1.1417 0.3832, -2.1752 1.1417 0.4854, -2.0972 1.1417 0.391, -2.1277 1.1417 0.5051, -2.0768 1.1417 0.3937, -2.0768 1.1417 0.5118, -1.7598 1.1417 0.3937, -1.7598 1.1417 0.5118, -1.7293 1.1417 0.3977, -1.7008 1.1417 0.4095, -0.9449 1.1417 1.2441, -1.3661 1.1417 1.2441, -1.4537 1.1417 1.2342, -1.4375 1.1417 1.1166, -1.537 1.1417 1.2051, -1.5039 1.1417 1.0891, -1.6116 1.1417 1.1582, -1.561 1.1417 1.0453, -1.6739 1.1417 1.0959, -1.7209 1.1417 1.0212, -1.6048 1.1417 0.9882, -1.75 1.1417 0.938, -1.6323 1.1417 0.9217, -1.7598 1.1417 0.8504, -1.6417 1.1417 0.8504, -1.6417 1.1417 0.5118, -1.6458 1.1417 0.4812, -1.6576 1.1417 0.4528, -1.6763 1.1417 0.4283, -1.3661 0.6693 0.0, -1.3661 -0.1969 0.0, -1.4537 -0.1969 0.0099, -1.4537 0.6693 0.0099, -1.537 -0.1969 0.039, -1.537 0.6693 0.039, -1.6116 -0.1969 0.0859, -1.6116 0.6693 0.0859, -1.6739 -0.1969 0.1482, -1.6739 0.6693 0.1482, -1.7209 -0.1969 0.2229, -1.7209 0.6693 0.2229, -1.75 -0.1969 0.3061, -1.75 0.6693 0.3061, -1.7598 -0.1969 0.3937, -1.7598 0.6693 0.3937, 1.3661 -1.3976 0.0, -1.3661 -1.3976 0.0, -0.9724 -0.9843 0.0, -1.3661 -0.9843 0.0, 0.9724 -0.9843 0.0, 1.3661 -0.9843 0.0, -0.9727 0.2444 0.0, -0.979 0.2362 0.0, 0.9727 0.0706 0.0, 0.979 0.0787 0.0, 1.3661 -0.1969 0.0, -0.9829 0.0882 0.0, -0.979 0.0787 0.0, -0.9724 -0.1969 0.0, 0.5906 0.0984 0.0, 0.5919 0.0882 0.0, 0.6021 0.0706 0.0, 0.6102 0.0643 0.0, -0.9829 0.2267 0.0, -0.9843 0.2165 0.0, -0.9843 0.0984 0.0, -0.9551 0.0604 0.0, -0.9646 0.0643 0.0, -0.9727 0.0706 0.0, 0.5958 0.0787 0.0, 0.6299 0.0591 0.0, 0.9449 0.0591 0.0, 0.9724 -0.1969 0.0, 0.9551 0.0604 0.0, 0.9646 0.0643 0.0, -0.9449 0.2559 0.0, -0.9551 0.2546 0.0, -0.9646 0.2506 0.0, 0.6197 0.0604 0.0, 0.9727 0.2444 0.0, 1.3661 0.6693 0.0, 0.979 0.2362 0.0, 0.9829 0.2267 0.0, -0.6021 0.0706 0.0, -0.5958 0.0787 0.0, 0.5958 0.2362 0.0, -0.5919 0.0882 0.0, 0.9646 0.2506 0.0, 0.9551 0.2546 0.0, 0.9449 0.2559 0.0, -0.9449 0.0591 0.0, -0.6299 0.0591 0.0, -0.6197 0.0604 0.0, 0.5906 0.2165 0.0, 0.5919 0.2267 0.0, -0.6102 0.0643 0.0, -0.6021 0.2444 0.0, -0.6102 0.2506 0.0, -0.6197 0.2546 0.0, -0.6299 0.2559 0.0, -0.5919 0.2267 0.0, -0.5958 0.2362 0.0, 0.6021 0.2444 0.0, 0.9829 0.0882 0.0, 0.9843 0.0984 0.0, 0.9843 0.2165 0.0, 0.6299 0.2559 0.0, 0.6197 0.2546 0.0, 0.6102 0.2506 0.0, -0.5906 0.0984 0.0, -0.5906 0.2165 0.0, -1.3661 -1.3976 0.1181, 1.3661 -1.3976 0.1181, 0.9724 -0.9843 0.1181, 1.3661 -0.9843 0.1181, -1.3661 0.6693 0.1181, -1.3661 -0.1969 0.1181, 1.3661 0.6693 0.1181, -0.9724 -0.1969 0.1181, 1.3661 -0.1969 0.1181, 0.9724 -0.1969 0.1181, -0.9724 -0.9843 0.1181, -1.3661 -0.9843 0.1181, -1.6417 0.6693 0.3937, -1.6417 -0.1969 0.3937, -1.6323 0.6693 0.3224, -1.6323 -0.1969 0.3224, -1.6048 0.6693 0.2559, -1.6048 -0.1969 0.2559, -1.561 0.6693 0.1988, -1.561 -0.1969 0.1988, -1.5039 0.6693 0.155, -1.5039 -0.1969 0.155, -1.4375 0.6693 0.1275, -1.4375 -0.1969 0.1275, -1.7598 0.8268 0.5118, -1.7598 0.8268 0.7874, -1.7598 -0.3543 0.7874, -1.7598 -0.3543 0.5118, -1.7598 -0.8268 0.5118, -1.7598 -0.1969 0.7874, -1.7598 0.6924 0.7643, -1.7598 0.6798 0.748, -1.7598 0.6693 0.7087, -1.7598 0.672 0.729, -1.7598 0.748 0.7874, -1.7598 0.7277 0.7847, -1.7598 0.7087 0.7769, -1.7598 -0.9843 0.3937, -1.7598 -1.3976 0.3937, -1.7598 -0.9843 0.7874, -1.7598 -1.3976 0.8504, -1.7598 -0.8268 0.7874, -1.6417 -1.3976 0.8504, -1.6417 -1.3976 0.3937, -1.6417 -0.9843 0.3937, -1.6417 -0.9843 0.7874, -1.6417 -0.8268 0.7874, -1.6417 0.8268 0.5118, -1.6417 0.8268 0.7874, -1.6417 0.748 0.7874, -1.6417 -0.1969 0.7874, -1.6417 0.672 0.729, -1.6417 0.6798 0.748, -1.6417 0.6693 0.7087, -1.6417 0.6924 0.7643, -1.6417 0.7087 0.7769, -1.6417 0.7277 0.7847, -1.6417 -0.8268 0.5118, -1.6417 -0.3543 0.5118, -1.6417 -0.3543 0.7874, -1.3661 -0.2242 1.2441, -1.3661 -1.3976 1.2441, -1.3661 -0.9424 1.2441, -1.4537 -1.3976 1.2342, -1.3661 -0.8895 1.2441, -1.3661 -0.7169 1.2441, -1.3661 -0.5421 1.2441, -1.537 -1.3976 1.2051, -1.6116 -1.3976 1.1582, -1.6739 -1.3976 1.0959, -1.7209 -1.3976 1.0212, -1.75 -1.3976 0.938, 0.677 1.1417 0.9629, 0.6689 1.1417 0.9488, 0.677 1.1417 1.0805, -0.677 1.1417 1.0805, -0.3937 1.1417 1.2441, -0.677 1.1417 0.9629, -0.6689 1.1417 0.9488, -0.3273 1.1417 1.2441, -0.0094 1.1417 1.2441, 0.1164 1.1417 1.2441, 0.1191 1.1417 1.2441, 0.2153 1.1417 1.2441, 0.2267 1.1417 1.2441, 0.301 1.1417 1.2441, 0.3321 1.1417 1.2441, 0.3937 1.1417 1.2441, -1.4537 -1.3976 0.0099, -1.4537 -0.9843 0.0099, -1.537 -1.3976 0.039, -1.537 -0.9843 0.039, -1.6116 -1.3976 0.0859, -1.6116 -0.9843 0.0859, -1.6739 -1.3976 0.1482, -1.6739 -0.9843 0.1482, -1.7209 -1.3976 0.2229, -1.7209 -0.9843 0.2229, -1.75 -1.3976 0.3061, -1.75 -0.9843 0.3061, -1.6323 -0.9843 0.3224, -1.6323 -1.3976 0.3224, -1.6048 -0.9843 0.2559, -1.6048 -1.3976 0.2559, -1.561 -0.9843 0.1988, -1.561 -1.3976 0.1988, -1.5039 -0.9843 0.155, -1.5039 -1.3976 0.155, -1.4375 -0.9843 0.1275, -1.4375 -1.3976 0.1275, 1.5749 -1.4173 0.1849, 1.6586 -1.4173 0.1605, 1.6219 -1.4173 0.2461, 1.7031 -1.4173 0.2314, 1.6514 -1.4173 0.3173, 1.7308 -1.4173 0.3105, 1.6614 -1.4173 0.3937, 1.7402 -1.4173 0.3937, 1.6614 -1.4173 0.8504, 1.7402 -1.4173 0.8504, 1.6514 -1.4173 0.9268, 1.7308 -1.4173 0.9336, 1.6219 -1.4173 0.998, 1.7031 -1.4173 1.0127, 1.5749 -1.4173 1.0592, 1.6586 -1.4173 1.0836, 1.5993 -1.4173 1.1428, 1.5138 -1.4173 1.1061, 1.5284 -1.4173 1.1874, 1.4426 -1.4173 1.1356, 1.4494 -1.4173 1.215, 1.3661 -1.4173 1.1457, 1.3661 -1.4173 1.2244, -1.3661 -1.4173 1.1457, -1.3661 -1.4173 1.2244, -1.4426 -1.4173 1.1356, -1.4494 -1.4173 1.215, -1.5138 -1.4173 1.1061, -1.5284 -1.4173 1.1874, -1.5749 -1.4173 1.0592, -1.5993 -1.4173 1.1428, -1.6586 -1.4173 1.0836, -1.6219 -1.4173 0.998, -1.7031 -1.4173 1.0127, -1.6514 -1.4173 0.9268, -1.7308 -1.4173 0.9336, -1.6614 -1.4173 0.8504, -1.7402 -1.4173 0.8504, -1.6614 -1.4173 0.3937, -1.7402 -1.4173 0.3937, -1.6514 -1.4173 0.3173, -1.7308 -1.4173 0.3105, -1.6219 -1.4173 0.2461, -1.7031 -1.4173 0.2314, -1.6586 -1.4173 0.1605, -1.5749 -1.4173 0.1849, -1.5993 -1.4173 0.1013, -1.5138 -1.4173 0.138, -1.5284 -1.4173 0.0567, -1.4426 -1.4173 0.1085, -1.4494 -1.4173 0.0291, -1.3661 -1.4173 0.0984, -1.3661 -1.4173 0.0197, 1.3661 -1.4173 0.0984, 1.3661 -1.4173 0.0197, 1.4426 -1.4173 0.1085, 1.4494 -1.4173 0.0291, 1.5138 -1.4173 0.138, 1.5284 -1.4173 0.0567, 1.5993 -1.4173 0.1013, -1.4375 -1.3976 1.1166, -1.5039 -1.3976 1.0891, -1.561 -1.3976 1.0453, -1.6048 -1.3976 0.9882, -1.6323 -1.3976 0.9217, -2.2736 -0.6398 0.2888, -2.2736 -0.7874 0.0, -2.2736 -0.6601 0.3044, -2.2736 -0.8268 0.0394, -2.2736 -0.6693 0.315, -2.2736 -0.8268 0.315, -2.2736 -0.616 0.2789, -2.2736 -0.5906 0.2756, -2.2736 -0.3937 0.0, -2.2736 -0.5118 0.315, -2.2736 -0.3543 0.315, -2.2736 -0.521 0.3044, -2.2736 -0.3543 0.0394, -2.2736 -0.5413 0.2888, -2.2736 -0.5651 0.2789, -2.1555 -0.7874 0.0, -2.1555 -0.3937 0.0, -2.1555 -0.5413 0.2888, -2.1555 -0.521 0.3044, -2.1555 -0.3543 0.0394, -2.1555 -0.5118 0.315, -2.1555 -0.3543 0.315, -2.1555 -0.5651 0.2789, -2.1555 -0.5906 0.2756, -2.1555 -0.6693 0.315, -2.1555 -0.8268 0.315, -2.1555 -0.6601 0.3044, -2.1555 -0.8268 0.0394, -2.1555 -0.6398 0.2888, -2.1555 -0.616 0.2789, -2.145 -0.8268 0.3543, -2.145 -0.687 0.3543, -2.1393 -0.6883 0.3629, -2.1324 -0.8268 0.3706, -2.148 -0.6856 0.3485, -2.1528 -0.8268 0.3353, -2.1528 -0.6811 0.3353, -2.1549 -0.6758 0.3248, -2.1322 -0.6888 0.3704, -2.1289 -0.689 0.374, -2.1161 -0.8268 0.3832, -2.1161 -0.689 0.3832, -2.0972 -0.8268 0.391, -2.0972 -0.689 0.391, -2.0768 -0.8268 0.3937, -2.0768 -0.689 0.3937, -1.9817 -0.5651 0.3937, -1.9915 -0.5413 0.3937, -1.7598 -0.3543 0.3937, -2.0072 -0.521 0.3937, -2.0276 -0.5053 0.3937, -2.0768 -0.3543 0.3937, -2.0513 -0.4955 0.3937, -2.0768 -0.4921 0.3937, -1.7598 -0.8268 0.3937, -2.0276 -0.6758 0.3937, -2.0072 -0.6601 0.3937, -2.0513 -0.6856 0.3937, -1.9915 -0.6398 0.3937, -1.9817 -0.616 0.3937, -1.9783 -0.5906 0.3937, -1.7293 -0.3543 0.3977, -1.7293 -0.8268 0.3977, -1.7008 -0.3543 0.4095, -1.7008 -0.8268 0.4095, -1.6763 -0.3543 0.4283, -1.6763 -0.8268 0.4283, -1.6576 -0.3543 0.4528, -1.6576 -0.8268 0.4528, -1.6458 -0.3543 0.4812, -1.6458 -0.8268 0.4812, -2.0072 -0.521 0.5118, -1.9915 -0.5413 0.5118, -2.0768 -0.3543 0.5118, -2.0768 -0.4921 0.5118, -2.0513 -0.4955 0.5118, -2.0276 -0.5053 0.5118, -1.9817 -0.5651 0.5118, -1.9783 -0.5906 0.5118, -1.9817 -0.616 0.5118, -1.9915 -0.6398 0.5118, -2.0072 -0.6601 0.5118, -2.0276 -0.6758 0.5118, -2.0768 -0.8268 0.5118, -2.0513 -0.6856 0.5118, -2.0768 -0.689 0.5118, -2.2734 -0.6758 0.3248, -2.2725 -0.6815 0.3363, -2.2472 -0.689 0.4134, -2.2646 -0.689 0.374, -2.2669 -0.8268 0.3659, -2.2669 -0.6886 0.3659, -2.2707 -0.6856 0.3485, -2.2472 -0.8268 0.4134, -2.216 -0.8268 0.4542, -2.216 -0.689 0.4542, -2.1752 -0.8268 0.4854, -2.1752 -0.689 0.4854, -2.1277 -0.8268 0.5051, -2.1277 -0.689 0.5051, -2.1528 -0.3543 0.3353, -2.2669 -0.3543 0.3659, -2.145 -0.3543 0.3543, -2.2472 -0.3543 0.4134, -2.1324 -0.3543 0.3706, -2.216 -0.3543 0.4542, -2.1161 -0.3543 0.3832, -2.1752 -0.3543 0.4854, -2.0972 -0.3543 0.391, -2.1277 -0.3543 0.5051, -0.6693 0.1772 0.0787, -0.6693 0.1378 0.0787, -0.9055 0.1772 0.0787, -0.9055 0.1378 0.0787, -0.6592 0.1176 0.075, -0.9156 0.1176 0.075, -0.9195 0.1099 0.0736, -0.6553 0.1099 0.0736, -0.9249 0.0989 0.0673, -0.6499 0.0989 0.0673, -0.6444 0.088 0.061, -0.9304 0.088 0.061, -0.6417 0.0826 0.0552, -0.9331 0.0826 0.0552, -0.6371 0.0735 0.0455, -0.9377 0.0735 0.0455, -0.6354 0.07 0.0391, -0.9394 0.07 0.0391, -0.6328 0.0649 0.0298, -0.942 0.0649 0.0298, -0.6314 0.0621 0.0203, -0.9434 0.0621 0.0203, -0.6306 0.0604 0.0147, -0.9442 0.0604 0.0147, -0.954 0.062 0.0162, -0.9446 0.0765 0.0483, -0.9352 0.0912 0.063, -0.929 0.119 0.0747, -0.9312 0.1214 0.0743, -0.9243 0.1143 0.0747, -0.9267 0.1166 0.0748, -0.9219 0.1121 0.0743, -0.9334 0.1238 0.0736, -0.9257 0.1277 0.075, -0.9521 0.1081 0.063, -0.9553 0.1129 0.061, -0.9444 0.1184 0.0673, -0.9399 0.0949 0.0642, -0.9443 0.099 0.0646, -0.9485 0.1034 0.0642, -0.9668 0.0987 0.0483, -0.9698 0.1056 0.0455, -0.9607 0.1102 0.0552, -0.9513 0.0807 0.05, -0.9573 0.086 0.0506, -0.9626 0.092 0.05, -0.9761 0.0927 0.0324, -0.9784 0.1013 0.0298, -0.9733 0.1039 0.0391, -0.9506 0.0672 0.0324, -0.9588 0.0714 0.034, -0.9661 0.0772 0.0346, -0.972 0.0845 0.034, -0.9813 0.0893 0.0162, -0.9829 0.0991 0.0147, -0.9812 0.0999 0.0203, -0.9632 0.066 0.0172, -0.9711 0.0722 0.0175, -0.9773 0.0801 0.0172, -0.5936 0.0999 0.0203, -0.5919 0.0991 0.0147, -0.5935 0.0893 0.0162, -0.6141 0.1102 0.0552, -0.605 0.1056 0.0455, -0.608 0.0987 0.0483, -0.6304 0.1184 0.0673, -0.6195 0.1129 0.061, -0.6227 0.1081 0.063, -0.6505 0.1143 0.0747, -0.6529 0.1121 0.0743, -0.6458 0.119 0.0747, -0.6481 0.1166 0.0748, -0.6414 0.1238 0.0736, -0.6436 0.1214 0.0743, -0.6491 0.1277 0.075, -0.6396 0.0912 0.063, -0.6264 0.1034 0.0642, -0.6305 0.099 0.0646, -0.6349 0.0949 0.0642, -0.6302 0.0765 0.0483, -0.6122 0.092 0.05, -0.6175 0.086 0.0506, -0.6235 0.0807 0.05, -0.6242 0.0672 0.0324, -0.5987 0.0927 0.0324, -0.6029 0.0845 0.034, -0.6087 0.0772 0.0346, -0.616 0.0714 0.034, -0.6015 0.1039 0.0391, -0.5964 0.1013 0.0298, -0.6208 0.062 0.0162, -0.5975 0.0801 0.0172, -0.6037 0.0722 0.0175, -0.6116 0.066 0.0172, -0.9257 0.1873 0.075, -0.9334 0.1911 0.0736, -0.9444 0.1966 0.0673, -0.9553 0.2021 0.061, -0.9607 0.2048 0.0552, -0.9698 0.2093 0.0455, -0.9733 0.211 0.0391, -0.9784 0.2136 0.0298, -0.9812 0.215 0.0203, -0.9829 0.2158 0.0147, -0.5919 0.2158 0.0147, -0.5936 0.215 0.0203, -0.5964 0.2136 0.0298, -0.6015 0.211 0.0391, -0.605 0.2093 0.0455, -0.6141 0.2048 0.0552, -0.6195 0.2021 0.061, -0.6304 0.1966 0.0673, -0.6414 0.1911 0.0736, -0.6491 0.1873 0.075, -0.9813 0.2256 0.0162, -0.9668 0.2163 0.0483, -0.9521 0.2069 0.063, -0.9243 0.2006 0.0747, -0.9219 0.2029 0.0743, -0.929 0.1959 0.0747, -0.9267 0.1983 0.0748, -0.9312 0.1935 0.0743, -0.9195 0.2051 0.0736, -0.9156 0.1974 0.075, -0.9352 0.2238 0.063, -0.9304 0.227 0.061, -0.9249 0.216 0.0673, -0.9485 0.2115 0.0642, -0.9443 0.216 0.0646, -0.9399 0.2201 0.0642, -0.9446 0.2385 0.0483, -0.9377 0.2415 0.0455, -0.9331 0.2324 0.0552, -0.9626 0.2229 0.05, -0.9573 0.229 0.0506, -0.9513 0.2343 0.05, -0.9506 0.2478 0.0324, -0.942 0.2501 0.0298, -0.9394 0.2449 0.0391, -0.9761 0.2223 0.0324, -0.972 0.2305 0.034, -0.9661 0.2377 0.0346, -0.9588 0.2436 0.034, -0.954 0.2529 0.0162, -0.9442 0.2545 0.0147, -0.9434 0.2529 0.0203, -0.9773 0.2348 0.0172, -0.9711 0.2427 0.0175, -0.9632 0.2489 0.0172, -0.6314 0.2529 0.0203, -0.6306 0.2545 0.0147, -0.6208 0.2529 0.0162, -0.6417 0.2324 0.0552, -0.6371 0.2415 0.0455, -0.6302 0.2385 0.0483, -0.6499 0.216 0.0673, -0.6444 0.227 0.061, -0.6396 0.2238 0.063, -0.6458 0.1959 0.0747, -0.6436 0.1935 0.0743, -0.6505 0.2006 0.0747, -0.6481 0.1983 0.0748, -0.6553 0.2051 0.0736, -0.6529 0.2029 0.0743, -0.6592 0.1974 0.075, -0.6227 0.2069 0.063, -0.6349 0.2201 0.0642, -0.6305 0.216 0.0646, -0.6264 0.2115 0.0642, -0.608 0.2163 0.0483, -0.6235 0.2343 0.05, -0.6175 0.229 0.0506, -0.6122 0.2229 0.05, -0.5987 0.2223 0.0324, -0.6242 0.2478 0.0324, -0.616 0.2436 0.034, -0.6087 0.2377 0.0346, -0.6029 0.2305 0.034, -0.6354 0.2449 0.0391, -0.6328 0.2501 0.0298, -0.5935 0.2256 0.0162, -0.6116 0.2489 0.0172, -0.6037 0.2427 0.0175, -0.5975 0.2348 0.0172, 1.6417 0.6693 0.7087, 1.7598 0.6693 0.7087, 1.6417 0.6693 0.3937, 1.7598 0.6693 0.3937, 1.6323 0.6693 0.3224, 1.75 0.6693 0.3061, 1.6048 0.6693 0.2559, 1.7209 0.6693 0.2229, 1.6739 0.6693 0.1482, 1.561 0.6693 0.1988, 1.6116 0.6693 0.0859, 1.5039 0.6693 0.155, 1.537 0.6693 0.039, 1.4375 0.6693 0.1275, 1.4537 0.6693 0.0099, -0.8661 0.7874 1.2441, -0.4331 0.7874 1.2441, -0.9055 1.1024 1.2441, -0.9055 0.8268 1.2441, -0.4229 0.9042 1.2272, -0.4134 0.9002 1.2327, -0.4052 0.894 1.2374, -0.677 0.9055 1.0805, -0.4331 0.9055 1.2214, -0.3967 0.8812 1.2424, -0.395 0.8763 1.2433, -0.394 0.8713 1.2439, -0.4018 0.8901 1.2394, -0.399 0.8858 1.241, -0.677 0.9066 0.9441, -0.677 1.1406 0.9441, -0.6689 0.9055 0.9488, -0.677 0.9055 0.9629, -0.9347 1.1404 1.2441, -0.9347 1.1404 1.126, -0.9252 1.1365 1.2441, -0.9252 1.1365 1.126, -0.917 1.1302 1.2441, -0.917 1.1302 1.126, -0.9108 1.122 1.2441, -0.9108 1.122 1.126, -0.9069 1.1126 1.2441, -0.9069 1.1126 1.126, -0.8763 0.7887 1.2441, -0.8763 0.7887 1.126, -0.8858 0.7927 1.2441, -0.8858 0.7927 1.126, -0.894 0.7989 1.2441, -0.894 0.7989 1.126, -0.9002 0.8071 1.2441, -0.9002 0.8071 1.126, -0.9042 0.8166 1.2441, -0.9042 0.8166 1.126, -0.395 0.8166 1.2441, -0.399 0.8071 1.2441, -0.4052 0.7989 1.2441, -0.4134 0.7927 1.2441, -0.4229 0.7887 1.2441, -2.1555 1.1024 0.0, -2.1555 0.8661 0.0, -2.2736 1.1024 0.0, -2.2736 0.8661 0.0, -2.1555 0.8268 0.315, -2.1555 0.8268 0.0394, -2.1528 0.8268 0.3353, -2.145 0.8268 0.3543, -2.1324 0.8268 0.3706, -2.1161 0.8268 0.3832, -2.0972 0.8268 0.391, -2.0768 0.8268 0.3937, -1.7598 0.8268 0.3937, -1.7293 0.8268 0.3977, -1.7008 0.8268 0.4095, -1.6763 0.8268 0.4283, -1.6576 0.8268 0.4528, -1.6458 0.8268 0.4812, -2.0768 0.8268 0.5118, -2.1277 0.8268 0.5051, -2.1752 0.8268 0.4854, -2.216 0.8268 0.4542, -2.2472 0.8268 0.4134, -2.2669 0.8268 0.3659, -2.2736 0.8268 0.315, -2.2736 0.8268 0.0394, 1.7598 0.748 0.7874, 1.6417 0.748 0.7874, 1.7598 0.8268 0.7874, 1.6417 0.8268 0.7874, 0.3937 0.8268 1.2441, 0.3937 0.8661 1.2441, 0.9449 1.1417 1.2441, 1.3661 1.1417 1.2441, 1.4375 1.1417 1.1166, 1.4537 1.1417 1.2342, 1.5039 1.1417 1.0891, 2.2736 1.1417 0.0394, 2.1555 1.1417 0.0394, 2.2736 1.1417 0.315, 2.1555 1.1417 0.315, 2.2669 1.1417 0.3659, 2.1528 1.1417 0.3353, 2.2472 1.1417 0.4134, 2.145 1.1417 0.3543, 2.216 1.1417 0.4542, 2.1324 1.1417 0.3706, 2.1752 1.1417 0.4854, 2.1161 1.1417 0.3832, 2.1277 1.1417 0.5051, 2.0972 1.1417 0.391, 2.0768 1.1417 0.5118, 2.0768 1.1417 0.3937, 1.7598 1.1417 0.5118, 1.7598 1.1417 0.3937, 1.7293 1.1417 0.3977, 1.6576 1.1417 0.4528, 1.6458 1.1417 0.4812, 1.6417 1.1417 0.5118, 1.7598 1.1417 0.8504, 1.6417 1.1417 0.8504, 1.75 1.1417 0.938, 1.6323 1.1417 0.9217, 1.7209 1.1417 1.0212, 1.6048 1.1417 0.9882, 1.6739 1.1417 1.0959, 1.561 1.1417 1.0453, 1.6116 1.1417 1.1582, 1.537 1.1417 1.2051, 1.7008 1.1417 0.4095, 1.6763 1.1417 0.4283, 1.7598 -0.1969 0.3937, 1.75 -0.1969 0.3061, 1.7209 -0.1969 0.2229, 1.6739 -0.1969 0.1482, 1.6116 -0.1969 0.0859, 1.537 -0.1969 0.039, 1.4537 -0.1969 0.0099, 1.4375 -0.1969 0.1275, 1.5039 -0.1969 0.155, 1.561 -0.1969 0.1988, 1.6048 -0.1969 0.2559, 1.6323 -0.1969 0.3224, 1.6417 -0.1969 0.3937, 1.7598 -1.3976 0.8504, 1.7598 -1.3976 0.3937, 1.7598 -0.9843 0.3937, 1.7598 -0.9843 0.7874, 1.7598 -0.8268 0.7874, 1.7598 0.672 0.729, 1.7598 0.6798 0.748, 1.7598 -0.1969 0.7874, 1.7598 0.8268 0.5118, 1.7598 0.6924 0.7643, 1.7598 0.7087 0.7769, 1.7598 0.7277 0.7847, 1.7598 -0.8268 0.5118, 1.7598 -0.3543 0.5118, 1.7598 -0.3543 0.7874, 1.6417 0.8268 0.5118, 1.6417 -0.3543 0.7874, 1.6417 -1.3976 0.8504, 1.6417 -0.1969 0.7874, 1.6417 0.7277 0.7847, 1.6417 0.7087 0.7769, 1.6417 0.6924 0.7643, 1.6417 0.6798 0.748, 1.6417 -0.9843 0.3937, 1.6417 -1.3976 0.3937, 1.6417 -0.9843 0.7874, 1.6417 -0.8268 0.7874, 1.6417 -0.8268 0.5118, 1.6417 -0.3543 0.5118, 1.6417 0.672 0.729, 1.75 -1.3976 0.938, 1.7209 -1.3976 1.0212, 1.6739 -1.3976 1.0959, 1.6116 -1.3976 1.1582, 1.537 -1.3976 1.2051, 1.4537 -1.3976 1.2342, 1.3661 -0.2242 1.2441, 1.3661 -0.5421 1.2441, 1.3661 -0.7169 1.2441, 1.3661 -0.8895 1.2441, 1.3661 -0.9424 1.2441, 1.3661 -1.3976 1.2441, 1.75 -1.3976 0.3061, 1.75 -0.9843 0.3061, 1.7209 -1.3976 0.2229, 1.7209 -0.9843 0.2229, 1.6739 -1.3976 0.1482, 1.6739 -0.9843 0.1482, 1.6116 -1.3976 0.0859, 1.6116 -0.9843 0.0859, 1.537 -1.3976 0.039, 1.537 -0.9843 0.039, 1.4537 -1.3976 0.0099, 1.4537 -0.9843 0.0099, 1.4375 -0.9843 0.1275, 1.4375 -1.3976 0.1275, 1.5039 -0.9843 0.155, 1.5039 -1.3976 0.155, 1.561 -0.9843 0.1988, 1.561 -1.3976 0.1988, 1.6048 -0.9843 0.2559, 1.6048 -1.3976 0.2559, 1.6323 -0.9843 0.3224, 1.6323 -1.3976 0.3224, 1.6323 -1.3976 0.9217, 1.6048 -1.3976 0.9882, 1.561 -1.3976 1.0453, 1.5039 -1.3976 1.0891, 1.4375 -1.3976 1.1166, 2.1555 -0.7874 0.0, 2.1555 -0.3937 0.0, 2.2736 -0.7874 0.0, 2.2736 -0.3937 0.0, 1.9817 -0.616 0.3937, 1.9915 -0.6398 0.3937, 1.7598 -0.8268 0.3937, 2.0072 -0.6601 0.3937, 2.0276 -0.6758 0.3937, 2.0768 -0.8268 0.3937, 2.0513 -0.6856 0.3937, 2.0768 -0.689 0.3937, 1.7598 -0.3543 0.3937, 2.0276 -0.5053 0.3937, 2.0072 -0.521 0.3937, 2.0513 -0.4955 0.3937, 2.0768 -0.3543 0.3937, 2.0768 -0.4921 0.3937, 1.9915 -0.5413 0.3937, 1.9817 -0.5651 0.3937, 1.9783 -0.5906 0.3937, 1.6458 -0.3543 0.4812, 1.6458 -0.8268 0.4812, 1.6576 -0.3543 0.4528, 1.6576 -0.8268 0.4528, 1.6763 -0.3543 0.4283, 1.6763 -0.8268 0.4283, 1.7008 -0.3543 0.4095, 1.7008 -0.8268 0.4095, 1.7293 -0.3543 0.3977, 1.7293 -0.8268 0.3977, 1.9915 -0.6398 0.5118, 2.0072 -0.6601 0.5118, 2.0276 -0.6758 0.5118, 2.0513 -0.6856 0.5118, 2.0768 -0.8268 0.5118, 2.0768 -0.689 0.5118, 1.9817 -0.616 0.5118, 1.9783 -0.5906 0.5118, 1.9817 -0.5651 0.5118, 1.9915 -0.5413 0.5118, 2.0072 -0.521 0.5118, 2.0276 -0.5053 0.5118, 2.0768 -0.3543 0.5118, 2.0513 -0.4955 0.5118, 2.0768 -0.4921 0.5118, 2.1555 -0.8268 0.0394, 2.2736 -0.8268 0.0394, 2.1555 -0.8268 0.315, 2.2736 -0.8268 0.315, 2.1528 -0.8268 0.3353, 2.2669 -0.8268 0.3659, 2.145 -0.8268 0.3543, 2.2472 -0.8268 0.4134, 2.1324 -0.8268 0.3706, 2.216 -0.8268 0.4542, 2.1161 -0.8268 0.3832, 2.1752 -0.8268 0.4854, 2.0972 -0.8268 0.391, 2.1277 -0.8268 0.5051, 2.2736 -0.3543 0.0394, 2.1555 -0.3543 0.0394, 2.2736 -0.3543 0.315, 2.1555 -0.3543 0.315, 2.2669 -0.3543 0.3659, 2.1528 -0.3543 0.3353, 2.2472 -0.3543 0.4134, 2.145 -0.3543 0.3543, 2.216 -0.3543 0.4542, 2.1324 -0.3543 0.3706, 2.1752 -0.3543 0.4854, 2.1161 -0.3543 0.3832, 2.1277 -0.3543 0.5051, 2.0972 -0.3543 0.391, 0.6693 0.1378 0.0787, 0.6693 0.1772 0.0787, 0.9055 0.1378 0.0787, 0.9055 0.1772 0.0787, 0.9442 0.0604 0.0147, 0.6306 0.0604 0.0147, 0.9434 0.0621 0.0203, 0.6314 0.0621 0.0203, 0.6328 0.0649 0.0298, 0.942 0.0649 0.0298, 0.6354 0.07 0.0391, 0.9394 0.07 0.0391, 0.9377 0.0735 0.0455, 0.6371 0.0735 0.0455, 0.9331 0.0826 0.0552, 0.6417 0.0826 0.0552, 0.9304 0.088 0.061, 0.6444 0.088 0.061, 0.9249 0.0989 0.0673, 0.6499 0.0989 0.0673, 0.9195 0.1099 0.0736, 0.6553 0.1099 0.0736, 0.9156 0.1176 0.075, 0.6592 0.1176 0.075, 0.9812 0.0999 0.0203, 0.9829 0.0991 0.0147, 0.9813 0.0893 0.0162, 0.9607 0.1102 0.0552, 0.9698 0.1056 0.0455, 0.9668 0.0987 0.0483, 0.9444 0.1184 0.0673, 0.9553 0.1129 0.061, 0.9521 0.1081 0.063, 0.9243 0.1143 0.0747, 0.9219 0.1121 0.0743, 0.929 0.119 0.0747, 0.9267 0.1166 0.0748, 0.9334 0.1238 0.0736, 0.9312 0.1214 0.0743, 0.9257 0.1277 0.075, 0.9352 0.0912 0.063, 0.9485 0.1034 0.0642, 0.9443 0.099 0.0646, 0.9399 0.0949 0.0642, 0.9446 0.0765 0.0483, 0.9626 0.092 0.05, 0.9573 0.086 0.0506, 0.9513 0.0807 0.05, 0.9506 0.0672 0.0324, 0.9761 0.0927 0.0324, 0.972 0.0845 0.034, 0.9661 0.0772 0.0346, 0.9588 0.0714 0.034, 0.9733 0.1039 0.0391, 0.9784 0.1013 0.0298, 0.954 0.062 0.0162, 0.9773 0.0801 0.0172, 0.9711 0.0722 0.0175, 0.9632 0.066 0.0172, 0.6208 0.062 0.0162, 0.6302 0.0765 0.0483, 0.6396 0.0912 0.063, 0.6458 0.119 0.0747, 0.6436 0.1214 0.0743, 0.6505 0.1143 0.0747, 0.6481 0.1166 0.0748, 0.6529 0.1121 0.0743, 0.6414 0.1238 0.0736, 0.6491 0.1277 0.075, 0.6227 0.1081 0.063, 0.6195 0.1129 0.061, 0.6304 0.1184 0.0673, 0.6349 0.0949 0.0642, 0.6305 0.099 0.0646, 0.6264 0.1034 0.0642, 0.608 0.0987 0.0483, 0.605 0.1056 0.0455, 0.6141 0.1102 0.0552, 0.6235 0.0807 0.05, 0.6175 0.086 0.0506, 0.6122 0.092 0.05, 0.5987 0.0927 0.0324, 0.5964 0.1013 0.0298, 0.6015 0.1039 0.0391, 0.6242 0.0672 0.0324, 0.616 0.0714 0.034, 0.6087 0.0772 0.0346, 0.6029 0.0845 0.034, 0.5935 0.0893 0.0162, 0.5919 0.0991 0.0147, 0.5936 0.0999 0.0203, 0.6116 0.066 0.0172, 0.6037 0.0722 0.0175, 0.5975 0.0801 0.0172, 0.9829 0.2158 0.0147, 0.9812 0.215 0.0203, 0.9784 0.2136 0.0298, 0.9733 0.211 0.0391, 0.9698 0.2093 0.0455, 0.9607 0.2048 0.0552, 0.9553 0.2021 0.061, 0.9444 0.1966 0.0673, 0.9334 0.1911 0.0736, 0.9257 0.1873 0.075, 0.6141 0.2048 0.0552, 0.6195 0.2021 0.061, 0.6304 0.1966 0.0673, 0.6414 0.1911 0.0736, 0.6491 0.1873 0.075, 0.605 0.2093 0.0455, 0.6015 0.211 0.0391, 0.5964 0.2136 0.0298, 0.5919 0.2158 0.0147, 0.5936 0.215 0.0203, 0.9434 0.2529 0.0203, 0.9442 0.2545 0.0147, 0.954 0.2529 0.0162, 0.9331 0.2324 0.0552, 0.9377 0.2415 0.0455, 0.9446 0.2385 0.0483, 0.9249 0.216 0.0673, 0.9304 0.227 0.061, 0.9352 0.2238 0.063, 0.929 0.1959 0.0747, 0.9312 0.1935 0.0743, 0.9243 0.2006 0.0747, 0.9267 0.1983 0.0748, 0.9195 0.2051 0.0736, 0.9219 0.2029 0.0743, 0.9156 0.1974 0.075, 0.9521 0.2069 0.063, 0.9399 0.2201 0.0642, 0.9443 0.216 0.0646, 0.9485 0.2115 0.0642, 0.9668 0.2163 0.0483, 0.9513 0.2343 0.05, 0.9573 0.229 0.0506, 0.9626 0.2229 0.05, 0.9761 0.2223 0.0324, 0.9506 0.2478 0.0324, 0.9588 0.2436 0.034, 0.9661 0.2377 0.0346, 0.972 0.2305 0.034, 0.9394 0.2449 0.0391, 0.942 0.2501 0.0298, 0.9813 0.2256 0.0162, 0.9632 0.2489 0.0172, 0.9711 0.2427 0.0175, 0.9773 0.2348 0.0172, 0.5935 0.2256 0.0162, 0.608 0.2163 0.0483, 0.6227 0.2069 0.063, 0.6505 0.2006 0.0747, 0.6529 0.2029 0.0743, 0.6458 0.1959 0.0747, 0.6481 0.1983 0.0748, 0.6436 0.1935 0.0743, 0.6553 0.2051 0.0736, 0.6592 0.1974 0.075, 0.6396 0.2238 0.063, 0.6444 0.227 0.061, 0.6499 0.216 0.0673, 0.6264 0.2115 0.0642, 0.6305 0.216 0.0646, 0.6349 0.2201 0.0642, 0.6302 0.2385 0.0483, 0.6371 0.2415 0.0455, 0.6417 0.2324 0.0552, 0.6122 0.2229 0.05, 0.6175 0.229 0.0506, 0.6235 0.2343 0.05, 0.6242 0.2478 0.0324, 0.6328 0.2501 0.0298, 0.6354 0.2449 0.0391, 0.5987 0.2223 0.0324, 0.6029 0.2305 0.034, 0.6087 0.2377 0.0346, 0.616 0.2436 0.034, 0.6208 0.2529 0.0162, 0.6306 0.2545 0.0147, 0.6314 0.2529 0.0203, 0.5975 0.2348 0.0172, 0.6037 0.2427 0.0175, 0.6116 0.2489 0.0172, 0.4331 0.7874 1.2441, 0.4571 0.7874 1.2441, 0.4992 0.7874 1.2441, 0.5857 0.7874 1.2441, 0.6242 0.7874 1.2441, 0.8661 0.7874 1.2441, 0.8661 0.7874 1.2441, 0.9055 0.8268 1.2441, 0.9055 1.1024 1.2441, 0.394 0.8713 1.2439, 0.677 0.9055 1.0805, 0.4331 0.9055 1.2214, 0.4229 0.9042 1.2272, 0.4134 0.9002 1.2327, 0.395 0.8763 1.2433, 0.3967 0.8812 1.2424, 0.399 0.8858 1.241, 0.4018 0.8901 1.2394, 0.4052 0.894 1.2374, 0.677 1.1406 0.9441, 0.677 0.9066 0.9441, 0.6689 0.9055 0.9488, 0.677 0.9055 0.9629, 0.9069 1.1126 1.2441, 0.9069 1.1126 1.126, 0.9108 1.122 1.2441, 0.9108 1.122 1.126, 0.917 1.1302 1.2441, 0.917 1.1302 1.126, 0.9252 1.1365 1.2441, 0.9252 1.1365 1.126, 0.9347 1.1404 1.2441, 0.9347 1.1404 1.126, 0.9042 0.8166 1.2441, 0.9042 0.8166 1.126, 0.9002 0.8071 1.2441, 0.9002 0.8071 1.126, 0.894 0.7989 1.2441, 0.894 0.7989 1.126, 0.8858 0.7927 1.2441, 0.8858 0.7927 1.126, 0.8763 0.7887 1.2441, 0.8763 0.7887 1.126, 0.4229 0.7887 1.2441, 0.4134 0.7927 1.2441, 0.4052 0.7989 1.2441, 0.399 0.8071 1.2441, 0.395 0.8166 1.2441, 2.2736 1.1024 0.0, 2.2736 0.8661 0.0, 2.1555 1.1024 0.0, 2.1555 0.8661 0.0, 2.1555 0.8268 0.0394, 2.1555 0.8268 0.315, 2.0768 0.8268 0.3937, 2.0972 0.8268 0.391, 2.1161 0.8268 0.3832, 2.1324 0.8268 0.3706, 2.145 0.8268 0.3543, 2.1528 0.8268 0.3353, 1.7598 0.8268 0.3937, 1.6458 0.8268 0.4812, 1.6576 0.8268 0.4528, 1.6763 0.8268 0.4283, 1.7008 0.8268 0.4095, 1.7293 0.8268 0.3977, 2.0768 0.8268 0.5118, 2.2736 0.8268 0.315, 2.2669 0.8268 0.3659, 2.2472 0.8268 0.4134, 2.216 0.8268 0.4542, 2.1752 0.8268 0.4854, 2.1277 0.8268 0.5051, 2.2736 0.8268 0.0394, 0.8661 -1.3976 1.2441, 0.1164 -1.3976 1.2441, -0.0094 -1.3976 1.2441, -0.3273 -1.3976 1.2441, 0.6242 -1.3976 1.2441, 0.5857 -1.3976 1.2441, 0.4992 -1.3976 1.2441, 0.4571 -1.3976 1.2441, 0.3321 -1.3976 1.2441, 0.301 -1.3976 1.2441, 0.2267 -1.3976 1.2441, 0.2153 -1.3976 1.2441, 0.1191 -1.3976 1.2441, -2.0972 -0.4921 0.391, -2.1277 -0.4921 0.5051, -2.1161 -0.4921 0.3832, -2.1752 -0.4921 0.4854, -2.216 -0.4921 0.4542, -2.1289 -0.4921 0.374, -2.2472 -0.4921 0.4134, -2.2646 -0.4921 0.374, -2.1324 -0.4922 0.3706, -2.2734 -0.5053 0.3248, -2.1549 -0.5053 0.3248, -2.2725 -0.4996 0.3363, -2.1528 -0.5 0.3353, -2.2707 -0.4955 0.3485, -2.148 -0.4955 0.3485, -2.2669 -0.4925 0.3659, -2.1446 -0.4944 0.3541, -2.1392 -0.4928 0.3629, 2.0972 -0.689 0.391, 2.1277 -0.689 0.5051, 2.1161 -0.689 0.3832, 2.1752 -0.689 0.4854, 2.216 -0.689 0.4542, 2.1289 -0.689 0.374, 2.2472 -0.689 0.4134, 2.2646 -0.689 0.374, 2.1277 -0.4921 0.5051, 2.0972 -0.4921 0.391, 2.1752 -0.4921 0.4854, 2.1161 -0.4921 0.3832, 2.216 -0.4921 0.4542, 2.1289 -0.4921 0.374, 2.2472 -0.4921 0.4134, 2.2646 -0.4921 0.374, 2.1555 -0.5906 0.2756, 2.2736 -0.5906 0.2756, 2.1555 -0.5651 0.2789, 2.2736 -0.5651 0.2789, 2.1555 -0.5413 0.2888, 2.2736 -0.5413 0.2888, 2.1555 -0.521 0.3044, 2.2736 -0.521 0.3044, 2.1555 -0.5118 0.315, 2.2736 -0.5118 0.315, 2.1549 -0.5053 0.3248, 2.1322 -0.4923 0.3704, 2.1393 -0.4928 0.3629, 2.145 -0.4941 0.3543, 2.2669 -0.4925 0.3659, 2.148 -0.4955 0.3485, 2.2707 -0.4955 0.3485, 2.1528 -0.5 0.3353, 2.2725 -0.4996 0.3363, 2.2734 -0.5053 0.3248, 2.1324 -0.6889 0.3706, 2.2736 -0.616 0.2789, 2.1555 -0.616 0.2789, 2.2736 -0.6398 0.2888, 2.1555 -0.6398 0.2888, 2.2736 -0.6601 0.3044, 2.1555 -0.6601 0.3044, 2.2736 -0.6693 0.315, 2.1555 -0.6693 0.315, 2.2734 -0.6758 0.3248, 2.1549 -0.6758 0.3248, 2.2725 -0.6815 0.3363, 2.1528 -0.6811 0.3353, 2.2707 -0.6856 0.3485, 2.148 -0.6856 0.3485, 2.2669 -0.6886 0.3659, 2.1446 -0.6867 0.3541, 2.1392 -0.6883 0.3629, 2.1392 -0.6883 0.3629
            ]
        }
        coordIndex [
            0,1,2,-1,2,1,3,-1,3,4,5,-1,6,7,8,-1,8,7,9,-1,5,10,3,-1,3,10,11,-1,3,11,12,-1,9,13,8,-1,8,13,14,-1,8,14,15,-1,15,14,16,-1,15,16,17,-1,17,18,15,-1,15,18,19,-1,15,19,20,-1,20,21,15,-1,15,21,22,-1,15,22,23,-1,22,24,23,-1,23,24,25,-1,23,25,26,-1,27,28,2,-1,2,28,29,-1,2,29,30,-1,31,3,32,-1,32,3,8,-1,32,8,33,-1,31,34,3,-1,3,34,35,-1,3,35,36,-1,37,38,8,-1,8,38,39,-1,8,39,40,-1,40,41,8,-1,8,41,42,-1,8,42,33,-1,36,43,3,-1,3,43,44,-1,3,44,2,-1,2,44,45,-1,2,45,27,-1,46,47,26,-1,26,47,48,-1,26,48,23,-1,49,50,51,-1,51,50,52,-1,51,52,53,-1,53,52,54,-1,53,54,8,-1,8,54,55,-1,8,55,37,-1,12,56,3,-1,3,56,57,-1,3,57,8,-1,8,57,58,-1,8,58,6,-1,26,59,46,-1,46,59,60,-1,46,60,61,-1,61,60,62,-1,49,63,50,-1,50,63,64,-1,50,64,65,-1,65,64,66,-1,65,66,67,-1,43,36,68,-1,68,36,69,-1,70,71,72,-1,72,71,73,-1,72,73,74,-1,74,73,75,-1,74,75,76,-1,76,75,77,-1,76,77,78,-1,78,77,79,-1,78,79,80,-1,80,79,81,-1,80,81,82,-1,82,81,83,-1,82,83,84,-1,84,83,85,-1,84,85,86,-1,86,85,87,-1,86,87,88,-1,88,87,89,-1,90,51,91,-1,91,51,53,-1,91,53,92,-1,92,53,93,-1,92,93,94,-1,94,93,95,-1,94,95,96,-1,96,95,97,-1,96,97,98,-1,98,97,99,-1,99,97,100,-1,99,100,101,-1,101,100,102,-1,101,102,103,-1,103,102,104,-1,103,104,87,-1,87,104,105,-1,87,105,106,-1,106,107,87,-1,87,107,108,-1,87,108,89,-1,109,110,111,-1,109,111,112,-1,112,111,113,-1,112,113,114,-1,114,113,115,-1,114,115,116,-1,116,115,117,-1,116,117,118,-1,118,117,119,-1,118,119,120,-1,120,119,121,-1,120,121,122,-1,122,121,123,-1,122,123,124,-1,125,126,127,-1,127,126,128,-1,129,130,125,-1,131,132,109,-1,133,134,135,-1,110,136,137,-1,138,139,140,-1,127,141,142,-1,132,143,109,-1,109,143,144,-1,109,144,110,-1,110,144,145,-1,110,145,136,-1,146,138,147,-1,147,138,110,-1,147,110,148,-1,148,110,137,-1,138,140,127,-1,127,140,149,-1,127,149,141,-1,150,151,152,-1,152,151,153,-1,152,153,135,-1,135,153,154,-1,135,154,133,-1,155,156,109,-1,109,156,157,-1,109,157,131,-1,125,127,129,-1,129,127,142,-1,129,142,152,-1,152,142,158,-1,152,158,150,-1,159,160,161,-1,161,160,162,-1,163,164,165,-1,165,164,166,-1,159,167,160,-1,160,167,168,-1,160,168,169,-1,146,170,138,-1,138,170,171,-1,138,171,139,-1,139,171,172,-1,139,172,173,-1,173,172,174,-1,174,172,165,-1,165,172,175,-1,165,175,163,-1,176,177,160,-1,160,177,178,-1,160,178,109,-1,109,178,179,-1,109,179,155,-1,180,181,165,-1,165,181,176,-1,165,176,182,-1,134,183,135,-1,135,183,184,-1,135,184,160,-1,160,184,185,-1,160,185,162,-1,169,186,160,-1,160,186,187,-1,160,187,176,-1,176,187,188,-1,176,188,182,-1,166,189,165,-1,165,189,190,-1,165,190,180,-1,191,192,193,-1,193,192,194,-1,195,196,197,-1,197,196,198,-1,199,197,200,-1,200,197,198,-1,200,198,193,-1,193,198,201,-1,193,201,191,-1,191,201,202,-1,203,204,205,-1,205,204,206,-1,205,206,207,-1,207,206,208,-1,207,208,209,-1,209,208,210,-1,209,210,211,-1,211,210,212,-1,211,212,213,-1,213,212,214,-1,213,214,195,-1,195,214,196,-1,87,215,103,-1,103,215,216,-1,217,218,219,-1,220,221,222,-1,124,123,223,-1,223,123,220,-1,223,220,224,-1,224,220,222,-1,225,226,220,-1,220,226,227,-1,220,227,221,-1,228,229,230,-1,230,229,231,-1,230,231,232,-1,216,225,103,-1,103,225,220,-1,103,220,231,-1,231,220,217,-1,231,217,232,-1,232,217,219,-1,233,234,235,-1,235,236,233,-1,233,236,237,-1,233,237,104,-1,238,105,239,-1,239,105,104,-1,239,104,240,-1,241,242,243,-1,204,203,241,-1,241,203,244,-1,241,244,242,-1,243,245,241,-1,241,245,246,-1,241,246,247,-1,248,249,237,-1,237,249,250,-1,237,250,104,-1,104,250,241,-1,104,241,240,-1,240,241,247,-1,251,91,92,-1,252,253,254,-1,254,253,255,-1,255,256,254,-1,254,256,257,-1,254,257,251,-1,251,92,254,-1,254,92,94,-1,254,94,258,-1,258,94,96,-1,258,96,259,-1,259,96,98,-1,259,98,260,-1,260,98,99,-1,260,99,261,-1,261,99,101,-1,261,101,262,-1,262,101,103,-1,262,103,231,-1,263,264,1,-1,263,1,265,-1,266,267,268,-1,268,267,0,-1,268,0,269,-1,267,270,0,-1,0,270,271,-1,0,271,1,-1,1,271,272,-1,1,272,273,-1,273,274,1,-1,1,274,275,-1,1,275,276,-1,276,277,1,-1,1,277,278,-1,1,278,265,-1,217,220,250,-1,250,220,241,-1,128,126,279,-1,128,279,280,-1,280,279,281,-1,280,281,282,-1,282,281,283,-1,282,283,284,-1,284,283,285,-1,284,285,286,-1,286,285,287,-1,286,287,288,-1,288,287,289,-1,288,289,290,-1,290,289,229,-1,290,229,228,-1,235,234,291,-1,291,234,292,-1,291,292,293,-1,293,292,294,-1,293,294,295,-1,295,294,296,-1,295,296,297,-1,297,296,298,-1,297,298,299,-1,299,298,300,-1,299,300,202,-1,202,300,191,-1,301,302,303,-1,303,302,304,-1,303,304,305,-1,305,304,306,-1,305,306,307,-1,307,306,308,-1,307,308,309,-1,309,308,310,-1,309,310,311,-1,311,310,312,-1,311,312,313,-1,313,312,314,-1,313,314,315,-1,314,316,315,-1,315,316,317,-1,315,317,318,-1,318,317,319,-1,318,319,320,-1,320,319,321,-1,320,321,322,-1,322,321,323,-1,322,323,324,-1,324,323,325,-1,324,325,326,-1,326,325,327,-1,326,327,328,-1,328,327,329,-1,328,329,330,-1,329,331,330,-1,330,331,332,-1,330,332,333,-1,333,332,334,-1,333,334,335,-1,335,334,336,-1,335,336,337,-1,337,336,338,-1,337,338,339,-1,339,338,340,-1,339,340,341,-1,341,340,342,-1,341,342,343,-1,342,344,343,-1,343,344,345,-1,343,345,346,-1,346,345,347,-1,346,347,348,-1,348,347,349,-1,348,349,350,-1,350,349,351,-1,350,351,352,-1,352,351,353,-1,352,353,354,-1,354,353,355,-1,354,355,356,-1,356,355,357,-1,356,357,358,-1,358,357,359,-1,358,359,301,-1,301,359,360,-1,301,360,302,-1,53,8,93,-1,93,8,361,-1,93,361,95,-1,95,361,362,-1,95,362,97,-1,97,362,363,-1,97,363,100,-1,100,363,364,-1,100,364,102,-1,102,364,365,-1,102,365,104,-1,104,365,233,-1,127,201,138,-1,138,201,198,-1,201,127,202,-1,202,127,128,-1,202,128,299,-1,299,128,280,-1,299,280,297,-1,297,280,282,-1,297,282,295,-1,282,284,295,-1,295,284,286,-1,295,286,293,-1,293,286,288,-1,293,288,291,-1,291,288,290,-1,291,290,235,-1,235,290,228,-1,235,228,236,-1,236,228,230,-1,138,198,110,-1,110,198,196,-1,110,196,111,-1,111,196,214,-1,111,214,113,-1,113,214,212,-1,113,212,115,-1,115,212,210,-1,115,210,117,-1,117,210,208,-1,241,220,204,-1,204,220,123,-1,204,123,206,-1,206,123,121,-1,206,121,208,-1,208,121,119,-1,208,119,117,-1,236,230,237,-1,237,230,232,-1,366,367,368,-1,368,367,369,-1,368,369,370,-1,370,369,371,-1,366,372,367,-1,367,372,373,-1,367,373,374,-1,375,376,377,-1,377,376,378,-1,377,378,379,-1,379,378,374,-1,379,374,380,-1,380,374,373,-1,367,374,381,-1,381,374,382,-1,383,382,384,-1,384,382,385,-1,384,385,386,-1,386,385,387,-1,383,388,382,-1,382,388,389,-1,382,389,381,-1,390,391,392,-1,392,391,393,-1,392,393,394,-1,394,393,381,-1,394,381,395,-1,395,381,389,-1,396,397,398,-1,396,398,399,-1,397,396,400,-1,400,396,401,-1,400,401,402,-1,402,401,403,-1,403,401,391,-1,403,391,390,-1,398,404,399,-1,399,404,405,-1,399,405,406,-1,406,405,407,-1,406,407,408,-1,408,407,409,-1,408,409,410,-1,410,409,411,-1,412,413,414,-1,413,415,414,-1,414,415,416,-1,414,416,417,-1,417,416,418,-1,417,418,419,-1,420,421,422,-1,421,420,423,-1,423,420,410,-1,423,410,411,-1,422,424,420,-1,420,424,425,-1,420,425,414,-1,414,425,426,-1,414,426,412,-1,420,414,427,-1,420,427,428,-1,428,427,429,-1,428,429,430,-1,430,429,431,-1,430,431,432,-1,432,431,433,-1,432,433,434,-1,434,433,435,-1,434,435,436,-1,436,435,249,-1,436,249,248,-1,437,438,218,-1,439,440,441,-1,439,441,218,-1,218,441,442,-1,218,442,437,-1,438,443,218,-1,218,443,444,-1,218,444,219,-1,219,444,445,-1,219,445,446,-1,446,447,219,-1,219,447,448,-1,219,448,449,-1,449,448,450,-1,449,450,451,-1,370,371,452,-1,452,371,453,-1,454,455,456,-1,456,455,457,-1,456,457,371,-1,371,457,458,-1,371,458,453,-1,456,459,454,-1,454,459,460,-1,454,460,461,-1,461,460,462,-1,461,462,463,-1,463,462,464,-1,463,464,465,-1,465,464,449,-1,465,449,451,-1,237,232,248,-1,248,232,219,-1,248,219,436,-1,436,219,434,-1,428,430,219,-1,219,430,432,-1,219,432,434,-1,369,393,371,-1,371,393,391,-1,371,391,456,-1,456,391,401,-1,456,401,459,-1,459,401,396,-1,459,396,460,-1,460,396,399,-1,460,399,462,-1,462,399,406,-1,462,406,464,-1,464,406,408,-1,464,408,449,-1,449,408,410,-1,449,410,219,-1,219,410,420,-1,219,420,428,-1,217,250,218,-1,218,250,249,-1,218,249,435,-1,435,433,218,-1,218,433,431,-1,218,431,429,-1,385,378,387,-1,387,378,376,-1,387,376,466,-1,466,376,467,-1,466,467,468,-1,468,467,469,-1,468,469,470,-1,470,469,471,-1,470,471,472,-1,472,471,473,-1,472,473,474,-1,474,473,475,-1,474,475,417,-1,417,475,439,-1,417,439,414,-1,414,439,218,-1,414,218,427,-1,427,218,429,-1,476,477,478,-1,478,477,479,-1,477,480,479,-1,479,480,481,-1,481,480,482,-1,482,480,483,-1,482,483,484,-1,483,485,484,-1,484,485,486,-1,484,486,487,-1,487,486,488,-1,487,488,489,-1,489,488,490,-1,489,490,491,-1,491,490,492,-1,491,492,493,-1,493,492,494,-1,493,494,495,-1,495,494,496,-1,495,496,497,-1,497,496,498,-1,497,498,499,-1,499,498,171,-1,499,171,170,-1,497,499,500,-1,489,491,501,-1,484,487,502,-1,503,504,479,-1,505,506,479,-1,482,507,481,-1,481,507,479,-1,505,479,507,-1,508,509,504,-1,504,509,479,-1,506,503,479,-1,484,502,482,-1,510,511,512,-1,482,502,507,-1,507,502,513,-1,507,513,505,-1,505,513,514,-1,505,514,506,-1,506,514,515,-1,506,515,503,-1,503,515,510,-1,503,510,504,-1,504,510,512,-1,504,512,508,-1,489,501,487,-1,516,517,518,-1,487,501,502,-1,502,501,519,-1,502,519,513,-1,513,519,520,-1,513,520,514,-1,514,520,521,-1,514,521,515,-1,515,521,516,-1,515,516,510,-1,510,516,518,-1,510,518,511,-1,522,523,524,-1,491,525,501,-1,501,525,526,-1,501,526,519,-1,519,526,527,-1,519,527,520,-1,520,527,528,-1,520,528,521,-1,521,528,522,-1,521,522,516,-1,516,522,524,-1,516,524,517,-1,491,493,525,-1,525,493,495,-1,525,495,497,-1,529,530,531,-1,497,500,525,-1,525,500,532,-1,525,532,526,-1,526,532,533,-1,526,533,527,-1,527,533,534,-1,527,534,528,-1,528,534,529,-1,528,529,522,-1,522,529,531,-1,522,531,523,-1,145,530,136,-1,136,530,529,-1,136,529,137,-1,137,529,534,-1,137,534,148,-1,148,534,533,-1,148,533,147,-1,147,533,532,-1,147,532,146,-1,146,532,500,-1,146,500,170,-1,170,500,499,-1,535,536,537,-1,538,539,540,-1,541,542,543,-1,544,545,477,-1,546,547,477,-1,548,549,550,-1,550,549,477,-1,546,477,549,-1,483,480,545,-1,545,480,477,-1,547,544,477,-1,541,543,548,-1,551,486,485,-1,548,543,549,-1,549,543,552,-1,549,552,546,-1,546,552,553,-1,546,553,547,-1,547,553,554,-1,547,554,544,-1,544,554,551,-1,544,551,545,-1,545,551,485,-1,545,485,483,-1,538,540,542,-1,555,490,488,-1,542,540,543,-1,543,540,556,-1,543,556,552,-1,552,556,557,-1,552,557,553,-1,553,557,558,-1,553,558,554,-1,554,558,555,-1,554,555,551,-1,551,555,488,-1,551,488,486,-1,559,494,492,-1,539,560,540,-1,540,560,561,-1,540,561,556,-1,556,561,562,-1,556,562,557,-1,557,562,563,-1,557,563,558,-1,558,563,559,-1,558,559,555,-1,555,559,492,-1,555,492,490,-1,539,564,560,-1,560,564,565,-1,560,565,535,-1,566,498,496,-1,535,537,560,-1,560,537,567,-1,560,567,561,-1,561,567,568,-1,561,568,562,-1,562,568,569,-1,562,569,563,-1,563,569,566,-1,563,566,559,-1,559,566,496,-1,559,496,494,-1,171,498,172,-1,172,498,566,-1,172,566,175,-1,175,566,569,-1,175,569,163,-1,163,569,568,-1,163,568,164,-1,164,568,567,-1,164,567,166,-1,166,567,537,-1,166,537,189,-1,189,537,536,-1,479,509,478,-1,478,509,570,-1,570,509,571,-1,571,509,508,-1,571,508,572,-1,508,512,572,-1,572,512,511,-1,572,511,573,-1,573,511,518,-1,573,518,574,-1,574,518,575,-1,575,518,517,-1,575,517,576,-1,576,517,524,-1,576,524,577,-1,577,524,523,-1,577,523,578,-1,523,531,578,-1,578,531,530,-1,578,530,579,-1,579,530,145,-1,579,145,144,-1,190,189,580,-1,580,189,536,-1,580,536,581,-1,581,536,535,-1,581,535,582,-1,582,535,565,-1,582,565,583,-1,583,565,564,-1,583,564,584,-1,584,564,539,-1,584,539,585,-1,539,538,585,-1,585,538,542,-1,585,542,586,-1,586,542,541,-1,586,541,587,-1,587,541,548,-1,587,548,588,-1,588,548,550,-1,588,550,589,-1,589,550,477,-1,589,477,476,-1,578,579,590,-1,574,575,591,-1,572,573,592,-1,593,594,478,-1,595,596,478,-1,571,597,570,-1,570,597,478,-1,595,478,597,-1,598,599,594,-1,594,599,478,-1,596,593,478,-1,572,592,571,-1,600,601,602,-1,571,592,597,-1,597,592,603,-1,597,603,595,-1,595,603,604,-1,595,604,596,-1,596,604,605,-1,596,605,593,-1,593,605,600,-1,593,600,594,-1,594,600,602,-1,594,602,598,-1,574,591,573,-1,606,607,608,-1,573,591,592,-1,592,591,609,-1,592,609,603,-1,603,609,610,-1,603,610,604,-1,604,610,611,-1,604,611,605,-1,605,611,606,-1,605,606,600,-1,600,606,608,-1,600,608,601,-1,612,613,614,-1,575,615,591,-1,591,615,616,-1,591,616,609,-1,609,616,617,-1,609,617,610,-1,610,617,618,-1,610,618,611,-1,611,618,612,-1,611,612,606,-1,606,612,614,-1,606,614,607,-1,575,576,615,-1,615,576,577,-1,615,577,578,-1,619,620,621,-1,578,590,615,-1,615,590,622,-1,615,622,616,-1,616,622,623,-1,616,623,617,-1,617,623,624,-1,617,624,618,-1,618,624,619,-1,618,619,612,-1,612,619,621,-1,612,621,613,-1,155,620,156,-1,156,620,619,-1,156,619,157,-1,157,619,624,-1,157,624,131,-1,131,624,623,-1,131,623,132,-1,132,623,622,-1,132,622,143,-1,143,622,590,-1,143,590,144,-1,144,590,579,-1,625,626,627,-1,628,629,630,-1,631,632,633,-1,634,635,476,-1,636,637,476,-1,638,639,640,-1,640,639,476,-1,636,476,639,-1,588,589,635,-1,635,589,476,-1,637,634,476,-1,631,633,638,-1,641,586,587,-1,638,633,639,-1,639,633,642,-1,639,642,636,-1,636,642,643,-1,636,643,637,-1,637,643,644,-1,637,644,634,-1,634,644,641,-1,634,641,635,-1,635,641,587,-1,635,587,588,-1,628,630,632,-1,645,584,585,-1,632,630,633,-1,633,630,646,-1,633,646,642,-1,642,646,647,-1,642,647,643,-1,643,647,648,-1,643,648,644,-1,644,648,645,-1,644,645,641,-1,641,645,585,-1,641,585,586,-1,649,582,583,-1,629,650,630,-1,630,650,651,-1,630,651,646,-1,646,651,652,-1,646,652,647,-1,647,652,653,-1,647,653,648,-1,648,653,649,-1,648,649,645,-1,645,649,583,-1,645,583,584,-1,629,654,650,-1,650,654,655,-1,650,655,625,-1,656,580,581,-1,625,627,650,-1,650,627,657,-1,650,657,651,-1,651,657,658,-1,651,658,652,-1,652,658,659,-1,652,659,653,-1,653,659,656,-1,653,656,649,-1,649,656,581,-1,649,581,582,-1,190,580,180,-1,180,580,656,-1,180,656,181,-1,181,656,659,-1,181,659,176,-1,176,659,658,-1,176,658,177,-1,177,658,657,-1,177,657,178,-1,178,657,627,-1,178,627,179,-1,179,627,626,-1,478,599,476,-1,476,599,640,-1,640,599,638,-1,638,599,598,-1,638,598,631,-1,598,602,631,-1,631,602,601,-1,631,601,632,-1,632,601,608,-1,632,608,628,-1,628,608,629,-1,629,608,607,-1,629,607,654,-1,621,655,613,-1,613,655,654,-1,613,654,614,-1,614,654,607,-1,155,179,620,-1,620,179,626,-1,620,626,621,-1,621,626,625,-1,621,625,655,-1,660,661,662,-1,662,661,663,-1,662,663,664,-1,664,663,665,-1,664,665,666,-1,223,244,124,-1,124,244,203,-1,124,203,122,-1,122,203,205,-1,122,205,120,-1,120,205,207,-1,120,207,118,-1,118,207,209,-1,118,209,116,-1,116,209,211,-1,665,667,666,-1,666,667,668,-1,666,668,669,-1,669,668,670,-1,669,670,671,-1,671,670,672,-1,671,672,673,-1,673,672,674,-1,673,674,197,-1,197,674,160,-1,197,160,195,-1,195,160,109,-1,195,109,213,-1,213,109,112,-1,213,112,211,-1,211,112,114,-1,211,114,116,-1,225,240,226,-1,226,240,247,-1,226,247,227,-1,227,247,246,-1,227,246,221,-1,221,246,245,-1,221,245,222,-1,222,245,243,-1,222,243,224,-1,224,243,242,-1,224,242,223,-1,223,242,244,-1,675,676,41,-1,41,676,42,-1,677,678,50,-1,50,678,52,-1,679,680,267,-1,267,680,681,-1,266,682,267,-1,267,682,683,-1,267,683,679,-1,684,685,267,-1,267,685,686,-1,267,686,68,-1,681,687,267,-1,267,687,688,-1,267,688,684,-1,689,690,691,-1,691,690,269,-1,691,269,2,-1,2,269,0,-1,691,2,30,-1,683,682,30,-1,30,682,692,-1,30,692,691,-1,689,691,692,-1,268,269,690,-1,51,90,693,-1,51,693,694,-1,694,693,695,-1,694,695,696,-1,696,695,697,-1,696,697,698,-1,698,697,699,-1,698,699,700,-1,700,699,701,-1,700,701,702,-1,702,701,677,-1,702,677,50,-1,675,41,703,-1,703,41,704,-1,703,704,705,-1,705,704,706,-1,705,706,707,-1,707,706,708,-1,707,708,709,-1,709,708,710,-1,709,710,711,-1,711,710,712,-1,711,712,678,-1,678,712,52,-1,683,30,29,-1,683,29,679,-1,679,29,28,-1,679,28,680,-1,680,28,27,-1,680,27,681,-1,681,27,687,-1,687,27,45,-1,687,45,688,-1,688,45,684,-1,684,45,44,-1,684,44,685,-1,685,44,686,-1,686,44,43,-1,686,43,68,-1,69,36,713,-1,713,36,35,-1,713,35,714,-1,714,35,34,-1,714,34,715,-1,715,34,31,-1,715,31,716,-1,716,31,32,-1,716,32,717,-1,717,32,33,-1,717,33,676,-1,676,33,42,-1,718,719,720,-1,720,719,721,-1,70,72,718,-1,718,72,722,-1,718,722,719,-1,719,722,723,-1,722,72,724,-1,724,72,74,-1,724,74,725,-1,725,74,76,-1,725,76,726,-1,726,76,78,-1,726,78,727,-1,727,78,80,-1,727,80,728,-1,728,80,82,-1,728,82,729,-1,729,82,84,-1,730,729,86,-1,86,729,84,-1,730,86,88,-1,730,88,731,-1,731,88,89,-1,731,89,732,-1,732,89,108,-1,732,108,733,-1,733,108,107,-1,733,107,734,-1,734,107,106,-1,734,106,735,-1,735,106,105,-1,735,105,238,-1,736,215,85,-1,85,215,87,-1,736,85,83,-1,736,83,737,-1,737,83,81,-1,737,81,738,-1,738,81,79,-1,738,79,739,-1,739,79,77,-1,739,77,740,-1,740,77,75,-1,740,75,741,-1,741,75,73,-1,741,73,742,-1,721,743,720,-1,720,743,742,-1,720,742,71,-1,71,742,73,-1,239,216,238,-1,238,216,215,-1,238,215,735,-1,735,215,734,-1,731,732,215,-1,215,732,733,-1,215,733,734,-1,743,723,742,-1,742,723,722,-1,742,722,741,-1,741,722,724,-1,741,724,740,-1,740,724,725,-1,740,725,739,-1,739,725,726,-1,739,726,738,-1,738,726,727,-1,738,727,737,-1,737,727,728,-1,737,728,736,-1,736,728,729,-1,736,729,215,-1,215,729,730,-1,215,730,731,-1,744,745,746,-1,746,745,747,-1,58,57,748,-1,748,57,749,-1,48,750,23,-1,23,750,751,-1,23,751,752,-1,752,751,753,-1,752,753,754,-1,755,756,757,-1,757,756,758,-1,757,758,759,-1,759,758,760,-1,759,760,761,-1,761,760,762,-1,761,762,763,-1,763,762,764,-1,763,764,765,-1,765,764,766,-1,765,766,767,-1,767,766,768,-1,767,768,769,-1,769,768,770,-1,769,770,771,-1,771,770,772,-1,771,772,773,-1,774,775,771,-1,771,775,776,-1,771,776,777,-1,777,776,778,-1,777,778,779,-1,779,778,780,-1,779,780,781,-1,781,780,782,-1,781,782,783,-1,783,782,784,-1,783,784,785,-1,785,784,754,-1,785,754,786,-1,786,754,753,-1,773,787,771,-1,771,787,788,-1,771,788,774,-1,663,789,790,-1,663,790,665,-1,665,790,791,-1,665,791,667,-1,667,791,792,-1,667,792,668,-1,668,792,793,-1,668,793,670,-1,670,793,794,-1,670,794,672,-1,672,794,795,-1,672,795,674,-1,674,795,135,-1,674,135,160,-1,197,199,673,-1,673,199,796,-1,673,796,671,-1,671,796,797,-1,671,797,669,-1,669,797,798,-1,669,798,666,-1,666,798,799,-1,666,799,664,-1,664,799,800,-1,664,800,662,-1,662,800,801,-1,802,803,804,-1,804,805,802,-1,802,805,806,-1,802,806,777,-1,807,808,809,-1,810,771,746,-1,746,771,777,-1,746,777,744,-1,789,663,809,-1,809,663,661,-1,809,661,807,-1,808,811,809,-1,809,811,812,-1,809,812,813,-1,814,815,806,-1,806,815,816,-1,806,816,777,-1,777,816,809,-1,777,809,744,-1,744,809,813,-1,778,776,817,-1,818,819,820,-1,820,819,778,-1,821,820,745,-1,745,820,778,-1,745,778,747,-1,747,778,817,-1,821,822,820,-1,820,822,823,-1,820,823,824,-1,825,826,827,-1,827,826,819,-1,827,819,828,-1,828,819,818,-1,828,818,829,-1,829,818,830,-1,662,801,660,-1,660,801,820,-1,660,820,831,-1,831,820,824,-1,802,777,779,-1,802,779,832,-1,832,779,781,-1,832,781,833,-1,833,781,783,-1,833,783,834,-1,834,783,785,-1,834,785,835,-1,835,785,786,-1,835,786,836,-1,836,786,753,-1,836,753,837,-1,753,751,838,-1,753,838,837,-1,837,838,839,-1,837,839,840,-1,840,841,837,-1,837,841,842,-1,837,842,843,-1,809,816,820,-1,820,816,818,-1,804,803,844,-1,804,844,845,-1,845,844,846,-1,845,846,847,-1,847,846,848,-1,847,848,849,-1,849,848,850,-1,849,850,851,-1,851,850,852,-1,851,852,853,-1,853,852,854,-1,853,854,855,-1,855,854,125,-1,855,125,130,-1,194,192,856,-1,856,192,857,-1,856,857,858,-1,858,857,859,-1,858,859,860,-1,860,859,861,-1,860,861,862,-1,862,861,863,-1,862,863,864,-1,864,863,865,-1,864,865,825,-1,825,865,826,-1,778,819,780,-1,780,819,866,-1,780,866,782,-1,782,866,867,-1,782,867,784,-1,784,867,868,-1,784,868,754,-1,754,868,869,-1,754,869,752,-1,752,869,870,-1,752,870,23,-1,23,870,15,-1,193,129,200,-1,200,129,152,-1,862,849,860,-1,860,849,851,-1,860,851,858,-1,858,851,853,-1,858,853,856,-1,856,853,855,-1,856,855,194,-1,194,855,130,-1,194,130,193,-1,193,130,129,-1,827,805,825,-1,825,805,804,-1,825,804,864,-1,864,804,845,-1,864,845,862,-1,862,845,847,-1,862,847,849,-1,809,820,789,-1,789,820,801,-1,789,801,790,-1,790,801,800,-1,790,800,791,-1,791,800,799,-1,791,799,792,-1,792,799,798,-1,200,152,199,-1,199,152,135,-1,199,135,796,-1,796,135,795,-1,796,795,797,-1,797,795,794,-1,797,794,798,-1,798,794,793,-1,798,793,792,-1,805,827,806,-1,806,827,828,-1,871,872,873,-1,873,872,874,-1,875,876,877,-1,876,878,877,-1,877,878,879,-1,877,879,880,-1,880,879,881,-1,880,881,882,-1,883,884,885,-1,884,883,886,-1,886,883,887,-1,886,887,888,-1,885,889,883,-1,883,889,890,-1,883,890,877,-1,877,890,891,-1,877,891,875,-1,829,830,892,-1,829,892,893,-1,893,892,894,-1,893,894,895,-1,895,894,896,-1,895,896,897,-1,897,896,898,-1,897,898,899,-1,899,898,900,-1,899,900,901,-1,901,900,883,-1,901,883,877,-1,902,814,903,-1,903,814,904,-1,904,814,905,-1,905,814,906,-1,905,906,907,-1,902,908,814,-1,814,908,909,-1,814,909,815,-1,815,909,910,-1,815,910,911,-1,911,912,815,-1,815,912,913,-1,815,913,914,-1,914,913,915,-1,914,915,916,-1,806,828,814,-1,814,828,829,-1,814,829,893,-1,893,895,814,-1,814,895,897,-1,814,897,899,-1,917,918,919,-1,919,918,920,-1,919,920,921,-1,921,920,922,-1,921,922,923,-1,923,922,924,-1,923,924,925,-1,925,924,926,-1,925,926,927,-1,927,926,928,-1,927,928,929,-1,929,928,930,-1,929,930,880,-1,880,930,906,-1,880,906,877,-1,877,906,814,-1,877,814,901,-1,901,814,899,-1,818,816,830,-1,830,816,815,-1,830,815,892,-1,892,815,894,-1,900,898,815,-1,815,898,896,-1,815,896,894,-1,931,932,933,-1,933,932,934,-1,933,934,935,-1,935,934,936,-1,935,936,937,-1,937,936,938,-1,937,938,939,-1,939,938,940,-1,939,940,941,-1,941,940,942,-1,941,942,943,-1,943,942,944,-1,943,944,914,-1,914,944,887,-1,914,887,815,-1,815,887,883,-1,815,883,900,-1,945,946,947,-1,947,946,948,-1,151,150,949,-1,949,150,950,-1,949,950,951,-1,950,952,951,-1,951,952,953,-1,951,953,954,-1,954,953,955,-1,954,955,956,-1,956,955,957,-1,957,955,958,-1,957,958,959,-1,959,958,960,-1,959,960,961,-1,961,960,962,-1,961,962,963,-1,963,962,964,-1,963,964,965,-1,965,964,966,-1,965,966,967,-1,966,968,967,-1,967,968,945,-1,967,945,947,-1,969,970,971,-1,972,973,974,-1,975,976,977,-1,978,979,947,-1,980,981,947,-1,982,983,984,-1,984,983,947,-1,980,947,983,-1,965,967,979,-1,979,967,947,-1,981,978,947,-1,975,977,982,-1,985,961,963,-1,982,977,983,-1,983,977,986,-1,983,986,980,-1,980,986,987,-1,980,987,981,-1,981,987,988,-1,981,988,978,-1,978,988,985,-1,978,985,979,-1,979,985,963,-1,979,963,965,-1,972,974,976,-1,989,957,959,-1,976,974,977,-1,977,974,990,-1,977,990,986,-1,986,990,991,-1,986,991,987,-1,987,991,992,-1,987,992,988,-1,988,992,989,-1,988,989,985,-1,985,989,959,-1,985,959,961,-1,993,954,956,-1,973,994,974,-1,974,994,995,-1,974,995,990,-1,990,995,996,-1,990,996,991,-1,991,996,997,-1,991,997,992,-1,992,997,993,-1,992,993,989,-1,989,993,956,-1,989,956,957,-1,973,998,994,-1,994,998,999,-1,994,999,969,-1,1000,949,951,-1,969,971,994,-1,994,971,1001,-1,994,1001,995,-1,995,1001,1002,-1,995,1002,996,-1,996,1002,1003,-1,996,1003,997,-1,997,1003,1000,-1,997,1000,993,-1,993,1000,951,-1,993,951,954,-1,151,949,153,-1,153,949,1000,-1,153,1000,154,-1,154,1000,1003,-1,154,1003,133,-1,133,1003,1002,-1,133,1002,134,-1,134,1002,1001,-1,134,1001,183,-1,183,1001,971,-1,183,971,184,-1,184,971,970,-1,952,950,1004,-1,960,958,1005,-1,964,962,1006,-1,1007,1008,945,-1,1009,1010,945,-1,966,1011,968,-1,968,1011,945,-1,1009,945,1011,-1,1012,1013,1008,-1,1008,1013,945,-1,1010,1007,945,-1,964,1006,966,-1,1014,1015,1016,-1,966,1006,1011,-1,1011,1006,1017,-1,1011,1017,1009,-1,1009,1017,1018,-1,1009,1018,1010,-1,1010,1018,1019,-1,1010,1019,1007,-1,1007,1019,1014,-1,1007,1014,1008,-1,1008,1014,1016,-1,1008,1016,1012,-1,960,1005,962,-1,1020,1021,1022,-1,962,1005,1006,-1,1006,1005,1023,-1,1006,1023,1017,-1,1017,1023,1024,-1,1017,1024,1018,-1,1018,1024,1025,-1,1018,1025,1019,-1,1019,1025,1020,-1,1019,1020,1014,-1,1014,1020,1022,-1,1014,1022,1015,-1,1026,1027,1028,-1,958,1029,1005,-1,1005,1029,1030,-1,1005,1030,1023,-1,1023,1030,1031,-1,1023,1031,1024,-1,1024,1031,1032,-1,1024,1032,1025,-1,1025,1032,1026,-1,1025,1026,1020,-1,1020,1026,1028,-1,1020,1028,1021,-1,958,955,1029,-1,1029,955,953,-1,1029,953,952,-1,1033,1034,1035,-1,952,1004,1029,-1,1029,1004,1036,-1,1029,1036,1030,-1,1030,1036,1037,-1,1030,1037,1031,-1,1031,1037,1038,-1,1031,1038,1032,-1,1032,1038,1033,-1,1032,1033,1026,-1,1026,1033,1035,-1,1026,1035,1027,-1,139,1034,140,-1,140,1034,1033,-1,140,1033,149,-1,149,1033,1038,-1,149,1038,141,-1,141,1038,1037,-1,141,1037,142,-1,142,1037,1036,-1,142,1036,158,-1,158,1036,1004,-1,158,1004,150,-1,150,1004,950,-1,185,184,1039,-1,1039,184,970,-1,1039,970,1040,-1,970,969,1040,-1,1040,969,999,-1,1040,999,1041,-1,1041,999,998,-1,1041,998,1042,-1,1042,998,1043,-1,1043,998,973,-1,1043,973,1044,-1,973,972,1044,-1,1044,972,976,-1,1044,976,1045,-1,1045,976,975,-1,1045,975,1046,-1,1046,975,1047,-1,1047,975,982,-1,1047,982,1048,-1,982,984,1048,-1,1048,984,947,-1,1048,947,948,-1,1022,1049,1050,-1,1022,1050,1015,-1,1015,1050,1051,-1,1015,1051,1016,-1,1016,1051,1052,-1,1016,1052,1012,-1,1012,1052,1053,-1,1012,1053,1013,-1,1013,1053,946,-1,1013,946,945,-1,1049,1022,1054,-1,1054,1022,1021,-1,1054,1021,1055,-1,1035,1056,1027,-1,1027,1056,1055,-1,1027,1055,1028,-1,1028,1055,1021,-1,139,173,1034,-1,1034,173,1057,-1,1034,1057,1035,-1,1035,1057,1058,-1,1035,1058,1056,-1,1059,1060,1061,-1,1062,1063,1064,-1,1065,1066,1067,-1,1068,1069,948,-1,1070,1071,948,-1,1072,1073,1074,-1,1074,1073,948,-1,1070,948,1073,-1,1047,1048,1069,-1,1069,1048,948,-1,1071,1068,948,-1,1065,1067,1072,-1,1075,1045,1046,-1,1072,1067,1073,-1,1073,1067,1076,-1,1073,1076,1070,-1,1070,1076,1077,-1,1070,1077,1071,-1,1071,1077,1078,-1,1071,1078,1068,-1,1068,1078,1075,-1,1068,1075,1069,-1,1069,1075,1046,-1,1069,1046,1047,-1,1062,1064,1066,-1,1079,1043,1044,-1,1066,1064,1067,-1,1067,1064,1080,-1,1067,1080,1076,-1,1076,1080,1081,-1,1076,1081,1077,-1,1077,1081,1082,-1,1077,1082,1078,-1,1078,1082,1079,-1,1078,1079,1075,-1,1075,1079,1044,-1,1075,1044,1045,-1,1083,1041,1042,-1,1063,1084,1064,-1,1064,1084,1085,-1,1064,1085,1080,-1,1080,1085,1086,-1,1080,1086,1081,-1,1081,1086,1087,-1,1081,1087,1082,-1,1082,1087,1083,-1,1082,1083,1079,-1,1079,1083,1042,-1,1079,1042,1043,-1,1063,1088,1084,-1,1084,1088,1089,-1,1084,1089,1059,-1,1090,1039,1040,-1,1059,1061,1084,-1,1084,1061,1091,-1,1084,1091,1085,-1,1085,1091,1092,-1,1085,1092,1086,-1,1086,1092,1093,-1,1086,1093,1087,-1,1087,1093,1090,-1,1087,1090,1083,-1,1083,1090,1040,-1,1083,1040,1041,-1,185,1039,162,-1,162,1039,1090,-1,162,1090,161,-1,161,1090,1093,-1,161,1093,159,-1,159,1093,1092,-1,159,1092,167,-1,167,1092,1091,-1,167,1091,168,-1,168,1091,1061,-1,168,1061,169,-1,169,1061,1060,-1,1058,1057,1094,-1,1049,1054,1095,-1,1051,1050,1096,-1,1097,1098,946,-1,1099,1100,946,-1,1052,1101,1053,-1,1053,1101,946,-1,1099,946,1101,-1,1102,1103,1098,-1,1098,1103,946,-1,1100,1097,946,-1,1051,1096,1052,-1,1104,1105,1106,-1,1052,1096,1101,-1,1101,1096,1107,-1,1101,1107,1099,-1,1099,1107,1108,-1,1099,1108,1100,-1,1100,1108,1109,-1,1100,1109,1097,-1,1097,1109,1104,-1,1097,1104,1098,-1,1098,1104,1106,-1,1098,1106,1102,-1,1049,1095,1050,-1,1110,1111,1112,-1,1050,1095,1096,-1,1096,1095,1113,-1,1096,1113,1107,-1,1107,1113,1114,-1,1107,1114,1108,-1,1108,1114,1115,-1,1108,1115,1109,-1,1109,1115,1110,-1,1109,1110,1104,-1,1104,1110,1112,-1,1104,1112,1105,-1,1116,1117,1118,-1,1054,1119,1095,-1,1095,1119,1120,-1,1095,1120,1113,-1,1113,1120,1121,-1,1113,1121,1114,-1,1114,1121,1122,-1,1114,1122,1115,-1,1115,1122,1116,-1,1115,1116,1110,-1,1110,1116,1118,-1,1110,1118,1111,-1,1054,1055,1119,-1,1119,1055,1056,-1,1119,1056,1058,-1,1123,1124,1125,-1,1058,1094,1119,-1,1119,1094,1126,-1,1119,1126,1120,-1,1120,1126,1127,-1,1120,1127,1121,-1,1121,1127,1128,-1,1121,1128,1122,-1,1122,1128,1123,-1,1122,1123,1116,-1,1116,1123,1125,-1,1116,1125,1117,-1,186,1124,187,-1,187,1124,1123,-1,187,1123,188,-1,188,1123,1128,-1,188,1128,182,-1,182,1128,1127,-1,182,1127,165,-1,165,1127,1126,-1,165,1126,174,-1,174,1126,1094,-1,174,1094,173,-1,173,1094,1057,-1,186,169,1060,-1,186,1060,1124,-1,1124,1060,1059,-1,1124,1059,1125,-1,1125,1059,1117,-1,1117,1059,1089,-1,1117,1089,1118,-1,1118,1089,1088,-1,1118,1088,1111,-1,1111,1088,1063,-1,1111,1063,1112,-1,1063,1062,1112,-1,1112,1062,1066,-1,1112,1066,1105,-1,1105,1066,1065,-1,1105,1065,1106,-1,1106,1065,1102,-1,1102,1065,1072,-1,1102,1072,1103,-1,1072,1074,1103,-1,1103,1074,948,-1,1103,948,946,-1,661,660,807,-1,807,660,831,-1,807,831,808,-1,808,831,824,-1,808,824,811,-1,811,824,823,-1,811,823,812,-1,812,823,822,-1,812,822,813,-1,813,822,821,-1,813,821,744,-1,744,821,745,-1,1129,1130,16,-1,16,1130,1131,-1,1131,1132,16,-1,16,1132,1133,-1,16,1133,17,-1,17,1133,1134,-1,17,1134,1135,-1,1136,1137,25,-1,25,1137,26,-1,278,749,1138,-1,1139,265,1140,-1,1140,265,278,-1,1140,278,1141,-1,1141,278,1142,-1,1138,1143,278,-1,278,1143,1144,-1,278,1144,1145,-1,1145,1146,278,-1,278,1146,1147,-1,278,1147,1142,-1,1148,1149,264,-1,264,1149,1150,-1,264,1150,1,-1,1,1150,3,-1,1139,1140,1151,-1,1151,1140,4,-1,1151,4,1150,-1,1150,4,3,-1,1151,1150,1149,-1,1148,264,263,-1,26,1137,1152,-1,26,1152,1153,-1,1153,1152,1154,-1,1153,1154,1155,-1,1155,1154,1156,-1,1155,1156,1157,-1,1157,1156,1158,-1,1157,1158,1159,-1,1159,1158,1160,-1,1159,1160,1161,-1,1161,1160,750,-1,1161,750,48,-1,1136,25,1162,-1,1162,25,1163,-1,1162,1163,1164,-1,1164,1163,1165,-1,1164,1165,1166,-1,1166,1165,1167,-1,1166,1167,1168,-1,1168,1167,1169,-1,1168,1169,1170,-1,1170,1169,1171,-1,1170,1171,1135,-1,1135,1171,17,-1,749,57,1138,-1,1138,57,56,-1,1138,56,1143,-1,1143,56,1144,-1,1144,56,12,-1,1144,12,1145,-1,1145,12,1146,-1,1146,12,11,-1,1146,11,1147,-1,1147,11,10,-1,1147,10,1142,-1,1142,10,5,-1,1142,5,1141,-1,1141,5,4,-1,1141,4,1140,-1,1129,16,1172,-1,1172,16,14,-1,1172,14,1173,-1,1173,14,13,-1,1173,13,1174,-1,1174,13,9,-1,1174,9,1175,-1,1175,9,7,-1,1175,7,1176,-1,1176,7,6,-1,1176,6,748,-1,748,6,58,-1,1177,1178,1179,-1,1179,1178,1180,-1,1179,1180,756,-1,756,1180,1181,-1,756,1181,758,-1,758,1181,1182,-1,1183,770,1184,-1,1184,770,768,-1,1184,768,1185,-1,1185,768,766,-1,1185,766,1186,-1,1186,766,764,-1,1186,764,1187,-1,1187,764,762,-1,1187,762,1188,-1,1188,762,760,-1,1188,760,1182,-1,1182,760,758,-1,1183,1189,770,-1,770,1189,772,-1,817,776,775,-1,817,775,1190,-1,1190,775,774,-1,1190,774,1191,-1,1191,774,788,-1,1191,788,1192,-1,1192,788,787,-1,1192,787,1193,-1,1193,787,773,-1,1193,773,1194,-1,1194,773,772,-1,1194,772,1189,-1,810,1195,771,-1,771,1195,769,-1,1196,757,759,-1,1196,759,1197,-1,1197,759,761,-1,1197,761,1198,-1,1198,761,763,-1,1198,763,1199,-1,1199,763,765,-1,1199,765,1200,-1,1200,765,767,-1,1200,767,1201,-1,1201,767,769,-1,1201,769,1195,-1,757,1196,1202,-1,1202,1178,757,-1,757,1178,1177,-1,757,1177,755,-1,746,747,810,-1,810,747,817,-1,810,817,1190,-1,1190,1191,810,-1,810,1191,1192,-1,810,1192,1193,-1,1181,1202,1182,-1,1182,1202,1196,-1,1182,1196,1188,-1,1188,1196,1197,-1,1188,1197,1187,-1,1187,1197,1198,-1,1187,1198,1186,-1,1186,1198,1199,-1,1186,1199,1185,-1,1185,1199,1200,-1,1185,1200,1184,-1,1184,1200,1201,-1,1184,1201,1183,-1,1183,1201,1195,-1,1183,1195,1189,-1,1189,1195,810,-1,1189,810,1194,-1,1194,810,1193,-1,1149,1148,1151,-1,1151,1148,263,-1,1151,263,1139,-1,1139,263,265,-1,682,266,692,-1,692,266,268,-1,692,268,689,-1,689,268,690,-1,310,802,832,-1,310,832,312,-1,312,832,833,-1,312,833,314,-1,314,833,834,-1,314,834,316,-1,316,834,835,-1,316,835,317,-1,317,835,836,-1,317,836,319,-1,319,836,837,-1,319,837,321,-1,321,837,843,-1,321,843,323,-1,323,843,1203,-1,1204,1205,325,-1,325,1205,1206,-1,325,1206,252,-1,1203,1207,323,-1,323,1207,1208,-1,323,1208,1209,-1,1209,1210,323,-1,323,1210,1211,-1,323,1211,1212,-1,1212,1213,323,-1,323,1213,1214,-1,323,1214,325,-1,325,1214,1215,-1,325,1215,1204,-1,308,803,310,-1,310,803,802,-1,325,252,254,-1,325,254,327,-1,327,254,258,-1,327,258,329,-1,329,258,259,-1,329,259,331,-1,331,259,260,-1,331,260,332,-1,332,260,261,-1,332,261,334,-1,334,261,262,-1,334,262,336,-1,336,262,231,-1,336,231,338,-1,355,125,854,-1,355,854,357,-1,357,854,852,-1,357,852,359,-1,359,852,850,-1,359,850,360,-1,360,850,848,-1,360,848,302,-1,302,848,846,-1,302,846,304,-1,304,846,844,-1,304,844,306,-1,306,844,803,-1,306,803,308,-1,229,340,231,-1,231,340,338,-1,353,126,355,-1,355,126,125,-1,340,229,289,-1,340,289,342,-1,342,289,287,-1,342,287,344,-1,344,287,285,-1,344,285,345,-1,345,285,283,-1,345,283,347,-1,347,283,281,-1,347,281,349,-1,349,281,279,-1,349,279,351,-1,351,279,126,-1,351,126,353,-1,233,337,234,-1,234,337,339,-1,8,324,361,-1,361,324,326,-1,361,326,362,-1,362,326,328,-1,362,328,363,-1,363,328,330,-1,363,330,364,-1,364,330,333,-1,364,333,365,-1,365,333,335,-1,365,335,233,-1,233,335,337,-1,234,339,292,-1,292,339,341,-1,292,341,294,-1,294,341,343,-1,294,343,296,-1,296,343,346,-1,296,346,298,-1,298,346,348,-1,298,348,300,-1,300,348,350,-1,300,350,191,-1,191,350,352,-1,15,322,8,-1,8,322,324,-1,354,192,352,-1,352,192,191,-1,819,309,866,-1,866,309,311,-1,866,311,867,-1,867,311,313,-1,867,313,868,-1,868,313,315,-1,868,315,869,-1,869,315,318,-1,869,318,870,-1,870,318,320,-1,870,320,15,-1,15,320,322,-1,192,354,857,-1,857,354,356,-1,857,356,859,-1,859,356,358,-1,859,358,861,-1,861,358,301,-1,861,301,863,-1,863,301,303,-1,863,303,865,-1,865,303,305,-1,865,305,826,-1,826,305,307,-1,826,307,819,-1,819,307,309,-1,419,440,1216,-1,1216,440,1217,-1,1216,1217,1218,-1,1217,1219,1218,-1,1218,1219,1220,-1,1218,1220,1221,-1,1221,1220,1222,-1,1221,1222,1223,-1,451,411,465,-1,465,411,409,-1,465,409,463,-1,463,409,407,-1,463,407,461,-1,461,407,405,-1,461,405,454,-1,454,405,455,-1,411,451,423,-1,423,451,450,-1,423,450,421,-1,421,450,448,-1,421,448,422,-1,422,448,447,-1,422,447,424,-1,424,447,446,-1,424,446,425,-1,425,446,445,-1,425,445,426,-1,426,445,444,-1,426,444,412,-1,412,444,443,-1,412,443,413,-1,413,443,438,-1,413,438,415,-1,415,438,437,-1,415,437,416,-1,416,437,442,-1,416,442,418,-1,418,442,441,-1,418,441,419,-1,419,441,440,-1,1224,1221,1223,-1,373,389,380,-1,380,389,388,-1,380,388,379,-1,379,388,383,-1,379,383,377,-1,377,383,384,-1,377,384,375,-1,375,384,386,-1,375,386,1225,-1,1225,386,1226,-1,1225,1226,1227,-1,1227,1226,1228,-1,1227,1228,1229,-1,1229,1228,1230,-1,1229,1230,1231,-1,1231,1230,1232,-1,1231,1232,1223,-1,1223,1232,1233,-1,1223,1233,1224,-1,389,373,395,-1,395,373,372,-1,395,372,394,-1,394,372,366,-1,394,366,392,-1,392,366,368,-1,392,368,390,-1,390,368,370,-1,390,370,403,-1,455,405,404,-1,404,398,455,-1,455,398,397,-1,455,397,457,-1,457,397,400,-1,457,400,458,-1,458,400,402,-1,458,402,453,-1,453,402,403,-1,453,403,452,-1,452,403,370,-1,882,907,1234,-1,1234,907,1235,-1,1234,1235,1236,-1,1235,1237,1236,-1,1236,1237,1238,-1,1236,1238,1239,-1,1239,1238,1240,-1,1239,1240,1241,-1,916,888,1242,-1,1242,888,1243,-1,1242,1243,1244,-1,1244,1243,1245,-1,1244,1245,1246,-1,1246,1245,1247,-1,1246,1247,1248,-1,1248,1247,1249,-1,888,916,886,-1,886,916,915,-1,886,915,884,-1,884,915,913,-1,884,913,885,-1,885,913,912,-1,885,912,889,-1,889,912,911,-1,889,911,890,-1,890,911,910,-1,890,910,891,-1,891,910,909,-1,891,909,875,-1,875,909,908,-1,875,908,876,-1,876,908,902,-1,876,902,878,-1,878,902,903,-1,878,903,879,-1,879,903,904,-1,879,904,881,-1,881,904,905,-1,881,905,882,-1,882,905,907,-1,1250,1251,1252,-1,1252,1251,1253,-1,1252,1253,1254,-1,1254,1253,1255,-1,1254,1255,1256,-1,1256,1255,1257,-1,1256,1257,1258,-1,1258,1257,1259,-1,1258,1259,1260,-1,1249,1247,1261,-1,1261,1262,1249,-1,1249,1262,1263,-1,1249,1263,1264,-1,1264,1263,1265,-1,1264,1265,1266,-1,1266,1265,1267,-1,1266,1267,1268,-1,1268,1267,1260,-1,1268,1260,1269,-1,1269,1260,1259,-1,1270,1239,1241,-1,1251,1250,1271,-1,1271,1250,1272,-1,1271,1272,1273,-1,1273,1272,1274,-1,1273,1274,1275,-1,1275,1274,1276,-1,1275,1276,1277,-1,1277,1276,1278,-1,1277,1278,1279,-1,1279,1278,1280,-1,1279,1280,1281,-1,1281,1280,1282,-1,1281,1282,1283,-1,1283,1282,1284,-1,1283,1284,1285,-1,1285,1284,1286,-1,1285,1286,1241,-1,1241,1286,1287,-1,1241,1287,1270,-1,755,1177,756,-1,756,1177,1179,-1,1178,1202,1180,-1,1180,1202,1181,-1,720,71,718,-1,718,71,70,-1,743,721,723,-1,723,721,719,-1,873,918,871,-1,871,918,917,-1,931,874,932,-1,932,874,872,-1,369,367,393,-1,393,367,381,-1,374,378,382,-1,382,378,385,-1,
        ]
    }
}
Shape{
    appearance Appearance {
        material  Material 	{
            diffuseColor 0.0 0.0 0.0
            specularColor 0.0 0.0 0.0
            ambientIntensity 0.2
            transparency 0
            shininess 0.5
        }
    }
    geometry IndexedFaceSet {
        ccw TRUE
        solid FALSE
        coord DEF co Coordinate {
            point [
                0.1157 -0.6615 1.248, 0.1157 -0.6767 1.248, 0.1157 -0.6615 1.2441, 0.1157 -0.6767 1.2441, 0.0625 -0.6615 1.248, 0.0625 -0.6615 1.2441, 0.0625 -0.5432 1.248, 0.0625 -0.5432 1.2441, 0.0453 -0.5432 1.248, 0.0453 -0.5432 1.2441, 0.0453 -0.6767 1.248, 0.0453 -0.6767 1.2441, 0.1841 -0.6789 1.248, 0.1841 -0.6789 1.2441, 0.2044 -0.677 1.2441, 0.2153 -0.6734 1.2441, 0.2188 -0.6723 1.248, 0.2044 -0.677 1.248, 0.2188 -0.6723 1.2441, 0.221 -0.6712 1.2441, 0.221 -0.6712 1.248, 0.221 -0.6547 1.248, 0.221 -0.6547 1.2441, 0.2153 -0.6572 1.2441, 0.208 -0.6605 1.248, 0.208 -0.6605 1.2441, 0.1929 -0.6634 1.2441, 0.1929 -0.6634 1.248, 0.1866 -0.6636 1.2441, 0.1866 -0.6636 1.248, 0.1731 -0.662 1.2441, 0.1731 -0.662 1.248, 0.1636 -0.6583 1.2441, 0.1636 -0.6583 1.248, 0.1549 -0.6521 1.2441, 0.1549 -0.6521 1.248, 0.1523 -0.6495 1.2441, 0.1523 -0.6495 1.248, 0.1458 -0.6405 1.2441, 0.1458 -0.6405 1.248, 0.1415 -0.6298 1.2441, 0.1415 -0.6298 1.248, 0.1393 -0.6164 1.2441, 0.1393 -0.6164 1.248, 0.1392 -0.6115 1.2441, 0.1392 -0.6115 1.248, 0.141 -0.5946 1.2441, 0.141 -0.5946 1.248, 0.1453 -0.5827 1.2441, 0.1453 -0.5827 1.248, 0.1515 -0.5732 1.2441, 0.1515 -0.5732 1.248, 0.1532 -0.5714 1.2441, 0.1532 -0.5714 1.248, 0.1623 -0.5638 1.2441, 0.1623 -0.5638 1.248, 0.1728 -0.559 1.2441, 0.1728 -0.559 1.248, 0.1844 -0.5568 1.2441, 0.1844 -0.5568 1.248, 0.1896 -0.5565 1.2441, 0.1896 -0.5565 1.248, 0.206 -0.5585 1.2441, 0.2153 -0.5621 1.2441, 0.2195 -0.5637 1.248, 0.206 -0.5585 1.248, 0.2195 -0.5637 1.2441, 0.221 -0.5645 1.2441, 0.221 -0.5645 1.248, 0.221 -0.5465 1.248, 0.221 -0.5465 1.2441, 0.1894 -0.541 1.2441, 0.1894 -0.541 1.248, 0.1897 -0.541 1.248, 0.2153 -0.5448 1.2441, 0.2072 -0.5424 1.248, 0.2072 -0.5424 1.2441, 0.2035 -0.5421 1.2441, 0.1897 -0.541 1.2441, 0.1802 -0.5421 1.2441, 0.1699 -0.5434 1.248, 0.1699 -0.5434 1.2441, 0.156 -0.5488 1.2441, 0.156 -0.5488 1.248, 0.1435 -0.5576 1.2441, 0.1435 -0.5576 1.248, 0.1404 -0.5606 1.2441, 0.1404 -0.5606 1.248, 0.1307 -0.5733 1.2441, 0.1307 -0.5733 1.248, 0.1244 -0.5881 1.2441, 0.1244 -0.5881 1.248, 0.1213 -0.6055 1.2441, 0.1213 -0.6055 1.248, 0.1211 -0.6125 1.2441, 0.1211 -0.6125 1.248, 0.1233 -0.6324 1.2441, 0.1233 -0.6324 1.248, 0.1284 -0.6467 1.2441, 0.1284 -0.6467 1.248, 0.1361 -0.6584 1.2441, 0.1361 -0.6584 1.248, 0.1382 -0.6607 1.2441, 0.1382 -0.6607 1.248, 0.149 -0.6697 1.2441, 0.149 -0.6697 1.248, 0.1616 -0.6756 1.2441, 0.1616 -0.6756 1.248, 0.176 -0.6786 1.2441, 0.176 -0.6786 1.248, 0.3195 -0.6615 1.248, 0.3195 -0.6767 1.248, 0.3195 -0.6615 1.2441, 0.3195 -0.6767 1.2441, 0.265 -0.6615 1.2441, 0.265 -0.6615 1.248, 0.301 -0.6615 1.2441, 0.265 -0.6166 1.248, 0.265 -0.6166 1.2441, 0.3127 -0.6166 1.248, 0.301 -0.6166 1.2441, 0.3127 -0.6166 1.2441, 0.3127 -0.6013 1.248, 0.3127 -0.6013 1.2441, 0.265 -0.6013 1.2441, 0.265 -0.6013 1.248, 0.301 -0.6013 1.2441, 0.265 -0.5586 1.248, 0.265 -0.5586 1.2441, 0.3165 -0.5586 1.2441, 0.3165 -0.5586 1.248, 0.301 -0.5586 1.2441, 0.3165 -0.5432 1.248, 0.3165 -0.5432 1.2441, 0.2477 -0.5432 1.2441, 0.2477 -0.5432 1.248, 0.301 -0.5432 1.2441, 0.2477 -0.6767 1.248, 0.2477 -0.6767 1.2441, 0.301 -0.6767 1.2441, 0.4276 -0.6393 1.248, 0.421 -0.6476 1.248, 0.4332 -0.658 1.248, 0.4185 -0.6498 1.248, 0.4195 -0.6679 1.248, 0.4097 -0.6556 1.248, 0.4043 -0.6739 1.248, 0.3983 -0.6597 1.248, 0.3814 -0.6767 1.248, 0.3813 -0.6615 1.248, 0.3447 -0.6767 1.248, 0.3619 -0.6615 1.248, 0.3447 -0.5432 1.248, 0.3619 -0.5586 1.248, 0.3828 -0.5432 1.248, 0.3821 -0.5586 1.248, 0.4032 -0.5455 1.248, 0.3993 -0.5605 1.248, 0.4193 -0.5514 1.248, 0.4109 -0.5647 1.248, 0.4332 -0.5609 1.248, 0.4206 -0.5711 1.248, 0.4378 -0.5654 1.248, 0.425 -0.5756 1.248, 0.4461 -0.577 1.248, 0.43 -0.5833 1.248, 0.4511 -0.5897 1.248, 0.4336 -0.5934 1.248, 0.4534 -0.6083 1.248, 0.4353 -0.6087 1.248, 0.453 -0.6167 1.248, 0.4348 -0.6172 1.248, 0.4497 -0.6323 1.248, 0.4322 -0.6294 1.248, 0.4432 -0.6462 1.248, 0.3814 -0.6767 1.2441, 0.3447 -0.6767 1.2441, 0.4043 -0.6739 1.2441, 0.4195 -0.6679 1.2441, 0.4332 -0.658 1.2441, 0.4432 -0.6462 1.2441, 0.4497 -0.6323 1.2441, 0.453 -0.6167 1.2441, 0.4534 -0.6083 1.2441, 0.4511 -0.5897 1.2441, 0.4461 -0.577 1.2441, 0.4378 -0.5654 1.2441, 0.4332 -0.5609 1.2441, 0.4193 -0.5514 1.2441, 0.4032 -0.5455 1.2441, 0.3828 -0.5432 1.2441, 0.3447 -0.5432 1.2441, 0.3821 -0.5586 1.2441, 0.3619 -0.5586 1.2441, 0.3619 -0.6615 1.2441, 0.3813 -0.6615 1.2441, 0.421 -0.6476 1.2441, 0.4185 -0.6498 1.2441, 0.4097 -0.6556 1.2441, 0.3983 -0.6597 1.2441, 0.4353 -0.6087 1.2441, 0.4348 -0.6172 1.2441, 0.4322 -0.6294 1.2441, 0.4276 -0.6393 1.2441, 0.4206 -0.5711 1.2441, 0.425 -0.5756 1.2441, 0.43 -0.5833 1.2441, 0.4336 -0.5934 1.2441, 0.3993 -0.5605 1.2441, 0.4109 -0.5647 1.2441, 0.4109 -0.5647 1.2441
            ]
        }
        coordIndex [
            0,1,2,-1,2,1,3,-1,4,0,5,-1,5,0,2,-1,6,4,7,-1,7,4,5,-1,8,6,9,-1,9,6,7,-1,10,8,11,-1,11,8,9,-1,1,10,3,-1,3,10,11,-1,6,8,4,-1,4,8,10,-1,4,10,0,-1,0,10,1,-1,12,13,14,-1,15,16,14,-1,14,16,17,-1,14,17,12,-1,15,18,16,-1,16,18,19,-1,16,19,20,-1,21,20,22,-1,22,20,19,-1,21,22,23,-1,21,23,24,-1,23,25,24,-1,24,25,26,-1,24,26,27,-1,27,26,28,-1,27,28,29,-1,29,28,30,-1,29,30,31,-1,31,30,32,-1,31,32,33,-1,33,32,34,-1,33,34,35,-1,35,34,36,-1,35,36,37,-1,37,36,38,-1,37,38,39,-1,39,38,40,-1,39,40,41,-1,41,40,42,-1,41,42,43,-1,43,42,44,-1,43,44,45,-1,45,44,46,-1,45,46,47,-1,47,46,48,-1,47,48,49,-1,49,48,50,-1,49,50,51,-1,51,50,52,-1,51,52,53,-1,53,52,54,-1,53,54,55,-1,55,54,56,-1,55,56,57,-1,57,56,58,-1,57,58,59,-1,59,58,60,-1,59,60,61,-1,61,60,62,-1,63,64,62,-1,62,64,65,-1,62,65,61,-1,63,66,64,-1,64,66,67,-1,64,67,68,-1,69,68,70,-1,70,68,67,-1,71,72,73,-1,69,70,74,-1,69,74,75,-1,74,76,75,-1,75,76,77,-1,75,77,73,-1,73,77,78,-1,73,78,71,-1,72,71,79,-1,72,79,80,-1,79,81,80,-1,80,81,82,-1,80,82,83,-1,83,82,84,-1,83,84,85,-1,85,84,86,-1,85,86,87,-1,87,86,88,-1,87,88,89,-1,89,88,90,-1,89,90,91,-1,91,90,92,-1,91,92,93,-1,93,92,94,-1,93,94,95,-1,95,94,96,-1,95,96,97,-1,97,96,98,-1,97,98,99,-1,99,98,100,-1,99,100,101,-1,101,100,102,-1,101,102,103,-1,103,102,104,-1,103,104,105,-1,105,104,106,-1,105,106,107,-1,107,106,108,-1,107,108,109,-1,109,108,13,-1,109,13,12,-1,64,68,69,-1,47,49,89,-1,64,69,65,-1,65,69,75,-1,65,75,61,-1,61,75,73,-1,61,73,59,-1,59,73,72,-1,59,72,57,-1,57,72,80,-1,57,80,55,-1,20,21,16,-1,16,21,24,-1,16,24,17,-1,17,24,27,-1,17,27,12,-1,12,27,29,-1,12,29,109,-1,109,29,31,-1,109,31,107,-1,107,31,33,-1,107,33,105,-1,105,33,35,-1,105,35,103,-1,103,35,37,-1,103,37,101,-1,101,37,39,-1,101,39,99,-1,89,49,87,-1,80,83,55,-1,55,83,85,-1,55,85,53,-1,53,85,87,-1,53,87,51,-1,51,87,49,-1,95,45,93,-1,93,45,47,-1,93,47,91,-1,91,47,89,-1,99,39,97,-1,97,39,41,-1,97,41,95,-1,95,41,43,-1,95,43,45,-1,110,111,112,-1,112,111,113,-1,114,115,116,-1,116,115,110,-1,116,110,112,-1,117,115,118,-1,118,115,114,-1,117,118,119,-1,119,118,120,-1,119,120,121,-1,122,119,123,-1,123,119,121,-1,124,125,126,-1,126,125,122,-1,126,122,123,-1,127,125,128,-1,128,125,124,-1,129,130,131,-1,131,130,127,-1,131,127,128,-1,132,130,133,-1,133,130,129,-1,134,135,136,-1,136,135,132,-1,136,132,133,-1,137,135,138,-1,138,135,134,-1,113,111,139,-1,139,111,137,-1,139,137,138,-1,137,111,110,-1,110,115,137,-1,137,115,117,-1,137,117,135,-1,130,132,127,-1,127,132,135,-1,127,135,125,-1,125,135,117,-1,125,117,122,-1,122,117,119,-1,140,141,142,-1,142,141,143,-1,142,143,144,-1,144,143,145,-1,144,145,146,-1,146,145,147,-1,146,147,148,-1,148,147,149,-1,148,149,150,-1,150,149,151,-1,150,151,152,-1,152,151,153,-1,152,153,154,-1,154,153,155,-1,154,155,156,-1,156,155,157,-1,156,157,158,-1,158,157,159,-1,158,159,160,-1,160,159,161,-1,160,161,162,-1,162,161,163,-1,162,163,164,-1,164,163,165,-1,164,165,166,-1,166,165,167,-1,166,167,168,-1,168,167,169,-1,168,169,170,-1,170,169,171,-1,170,171,172,-1,172,171,173,-1,172,173,174,-1,174,173,140,-1,174,140,142,-1,148,150,175,-1,175,150,176,-1,148,175,177,-1,148,177,146,-1,146,177,178,-1,146,178,144,-1,144,178,179,-1,144,179,142,-1,142,179,180,-1,142,180,174,-1,174,180,181,-1,174,181,172,-1,172,181,182,-1,172,182,170,-1,170,182,183,-1,170,183,168,-1,168,183,184,-1,168,184,166,-1,166,184,185,-1,166,185,164,-1,164,185,186,-1,164,186,162,-1,162,186,187,-1,162,187,160,-1,160,187,188,-1,160,188,158,-1,158,188,189,-1,158,189,156,-1,156,189,190,-1,156,190,154,-1,152,154,191,-1,191,154,190,-1,150,152,176,-1,176,152,191,-1,155,153,192,-1,192,153,193,-1,153,151,193,-1,193,151,194,-1,151,149,194,-1,194,149,195,-1,141,196,197,-1,141,197,143,-1,143,197,198,-1,143,198,145,-1,145,198,199,-1,145,199,147,-1,147,199,195,-1,147,195,149,-1,169,200,201,-1,169,201,171,-1,171,201,202,-1,171,202,173,-1,173,202,203,-1,173,203,140,-1,140,203,196,-1,140,196,141,-1,161,204,205,-1,161,205,163,-1,163,205,206,-1,163,206,165,-1,165,206,207,-1,165,207,167,-1,167,207,200,-1,167,200,169,-1,155,192,208,-1,155,208,157,-1,157,208,209,-1,157,209,159,-1,159,209,204,-1,159,204,161,-1,
        ]
    }
}
Shape{
    appearance Appearance {
        material  Material 	{
            diffuseColor 0.7529411764705882 0.7529411764705882 0.7529411764705882
            specularColor 0.3764705882352941 0.3764705882352941 0.3764705882352941
            ambientIntensity 0.2
            transparency 0
            shininess 0.5
        }
    }
    geometry IndexedFaceSet {
        ccw TRUE
        solid FALSE
        coord DEF co Coordinate {
            point [
                0.3619 -0.5586 1.2441, 0.3619 -0.6615 1.2441, 0.3821 -0.5586 1.2441, 0.3813 -0.6615 1.2441, 0.3983 -0.6597 1.2441, 0.4097 -0.6556 1.2441, 0.4185 -0.6498 1.2441, 0.421 -0.6476 1.2441, 0.4276 -0.6393 1.2441, 0.4322 -0.6294 1.2441, 0.4348 -0.6172 1.2441, 0.4353 -0.6087 1.2441, 0.4336 -0.5934 1.2441, 0.43 -0.5833 1.2441, 0.425 -0.5756 1.2441, 0.4206 -0.5711 1.2441, 0.3993 -0.5605 1.2441, 0.4109 -0.5647 1.2441, 0.4109 -0.5647 1.2441
            ]
        }
        coordIndex [
            0,1,2,-1,2,1,3,-1,2,3,4,-1,4,5,2,-1,2,5,6,-1,2,6,7,-1,7,8,2,-1,2,8,9,-1,2,9,10,-1,10,11,2,-1,2,11,12,-1,2,12,13,-1,13,14,2,-1,2,14,15,-1,2,15,16,-1,16,15,17,-1,
        ]
    }
}
Shape{
    appearance Appearance {
        material  Material 	{
            diffuseColor 0.0 0.0 0.0
            specularColor 0.0 0.0 0.0
            ambientIntensity 0.2
            transparency 0
            shininess 0.5
        }
    }
    geometry IndexedFaceSet {
        ccw TRUE
        solid FALSE
        coord DEF co Coordinate {
            point [
                0.4981 -0.6251 1.248, 0.4926 -0.6402 1.248, 0.5429 -0.6251 1.248, 0.5482 -0.6402 1.248, 0.518 -0.5696 1.248, 0.5116 -0.5432 1.248, 0.4608 -0.6767 1.248, 0.4798 -0.6767 1.248, 0.5192 -0.5657 1.248, 0.5202 -0.5603 1.248, 0.53 -0.5432 1.248, 0.5206 -0.5603 1.248, 0.5217 -0.5659 1.248, 0.5227 -0.5696 1.248, 0.5808 -0.6767 1.248, 0.5618 -0.6767 1.248, 0.53 -0.5432 1.2441, 0.5808 -0.6767 1.2441, 0.5116 -0.5432 1.2441, 0.4608 -0.6767 1.2441, 0.4992 -0.5757 1.2441, 0.4798 -0.6767 1.2441, 0.4926 -0.6402 1.2441, 0.5482 -0.6402 1.2441, 0.4992 -0.6402 1.2441, 0.5618 -0.6767 1.2441, 0.4981 -0.6251 1.2441, 0.5429 -0.6251 1.2441, 0.5227 -0.5696 1.2441, 0.5206 -0.5603 1.2441, 0.5217 -0.5659 1.2441, 0.5202 -0.5603 1.2441, 0.518 -0.5696 1.2441, 0.5192 -0.5657 1.2441, 0.5192 -0.5657 1.2441
            ]
        }
        coordIndex [
            0,1,2,-1,2,1,3,-1,4,5,0,-1,0,5,6,-1,0,6,1,-1,1,6,7,-1,4,8,5,-1,5,8,9,-1,5,9,10,-1,10,9,11,-1,10,11,12,-1,12,13,10,-1,10,13,2,-1,10,2,14,-1,14,2,3,-1,14,3,15,-1,10,14,16,-1,16,14,17,-1,5,10,18,-1,18,10,16,-1,19,6,20,-1,20,6,5,-1,20,5,18,-1,7,6,21,-1,21,6,19,-1,1,7,22,-1,22,7,21,-1,23,3,24,-1,24,3,1,-1,24,1,22,-1,15,3,25,-1,25,3,23,-1,14,15,17,-1,17,15,25,-1,0,2,26,-1,26,2,27,-1,2,13,27,-1,27,13,28,-1,11,29,30,-1,11,30,12,-1,12,30,28,-1,12,28,13,-1,11,9,29,-1,29,9,31,-1,4,32,33,-1,4,33,8,-1,8,33,31,-1,8,31,9,-1,4,0,32,-1,32,0,26,-1,
        ]
    }
}
Shape{
    appearance Appearance {
        material  Material 	{
            diffuseColor 0.7529411764705882 0.7529411764705882 0.7529411764705882
            specularColor 0.3764705882352941 0.3764705882352941 0.3764705882352941
            ambientIntensity 0.2
            transparency 0
            shininess 0.5
        }
    }
    geometry IndexedFaceSet {
        ccw TRUE
        solid FALSE
        coord DEF co Coordinate {
            point [
                0.5206 -0.5603 1.2441, 0.5202 -0.5603 1.2441, 0.5217 -0.5659 1.2441, 0.5192 -0.5657 1.2441, 0.5227 -0.5696 1.2441, 0.518 -0.5696 1.2441, 0.5429 -0.6251 1.2441, 0.4981 -0.6251 1.2441, 0.4981 -0.6251 1.2441
            ]
        }
        coordIndex [
            0,1,2,-1,2,1,3,-1,2,3,4,-1,4,3,5,-1,4,5,6,-1,6,5,7,-1,
        ]
    }
}
Shape{
    appearance Appearance {
        material  Material 	{
            diffuseColor 0.0 0.0 0.0
            specularColor 0.0 0.0 0.0
            ambientIntensity 0.2
            transparency 0
            shininess 0.5
        }
    }
    geometry IndexedFaceSet {
        ccw TRUE
        solid FALSE
        coord DEF co Coordinate {
            point [
                0.1171 -0.8732 1.248, 0.1171 -0.8884 1.248, 0.1171 -0.8732 1.2441, 0.1171 -0.8884 1.2441, 0.0625 -0.8732 1.2441, 0.0625 -0.8732 1.248, 0.1164 -0.8732 1.2441, 0.0625 -0.8283 1.248, 0.0625 -0.8283 1.2441, 0.1102 -0.8283 1.248, 0.1102 -0.8283 1.2441, 0.1102 -0.813 1.248, 0.1102 -0.813 1.2441, 0.0625 -0.813 1.248, 0.0625 -0.813 1.2441, 0.0625 -0.7703 1.248, 0.0625 -0.7703 1.2441, 0.114 -0.7703 1.248, 0.114 -0.7703 1.2441, 0.114 -0.7549 1.248, 0.114 -0.7549 1.2441, 0.0453 -0.7549 1.248, 0.0453 -0.7549 1.2441, 0.0453 -0.8884 1.248, 0.0453 -0.8884 1.2441, 0.1164 -0.8884 1.2441, 0.1706 -0.8436 1.248, 0.1929 -0.8406 1.248, 0.2096 -0.8271 1.248, 0.1929 -0.8884 1.248, 0.2096 -0.8884 1.248, 0.1929 -0.8737 1.248, 0.1929 -0.8278 1.248, 0.1567 -0.8477 1.248, 0.1607 -0.8458 1.248, 0.1925 -0.8737 1.248, 0.1839 -0.871 1.248, 0.1896 -0.878 1.248, 0.1792 -0.8742 1.248, 0.1929 -0.8497 1.248, 0.1919 -0.858 1.248, 0.1895 -0.864 1.248, 0.1858 -0.8692 1.248, 0.1515 -0.8684 1.248, 0.1389 -0.8807 1.248, 0.1534 -0.8712 1.248, 0.1412 -0.8831 1.248, 0.1548 -0.8726 1.248, 0.1465 -0.8869 1.248, 0.1582 -0.8749 1.248, 0.1528 -0.8894 1.248, 0.162 -0.8763 1.248, 0.1606 -0.8906 1.248, 0.1633 -0.8906 1.248, 0.1676 -0.8769 1.248, 0.1712 -0.8899 1.248, 0.1742 -0.8762 1.248, 0.1781 -0.8875 1.248, 0.1842 -0.8836 1.248, 0.1924 -0.8206 1.248, 0.2083 -0.8142 1.248, 0.1906 -0.8146 1.248, 0.2057 -0.8067 1.248, 0.1887 -0.8111 1.248, 0.2022 -0.8013 1.248, 0.1862 -0.8084 1.248, 0.1977 -0.797 1.248, 0.1832 -0.8065 1.248, 0.1922 -0.7939 1.248, 0.1794 -0.8051 1.248, 0.1851 -0.7918 1.248, 0.1736 -0.8045 1.248, 0.1752 -0.7909 1.248, 0.1644 -0.8054 1.248, 0.1581 -0.793 1.248, 0.154 -0.8087 1.248, 0.1457 -0.7978 1.248, 0.1424 -0.816 1.248, 0.1424 -0.7998 1.248, 0.1501 -0.8589 1.248, 0.1331 -0.8609 1.248, 0.15 -0.8615 1.248, 0.133 -0.8629 1.248, 0.1504 -0.8654 1.248, 0.1338 -0.8703 1.248, 0.1358 -0.876 1.248, 0.1647 -0.8318 1.248, 0.152 -0.8349 1.248, 0.1544 -0.8494 1.248, 0.1449 -0.8385 1.248, 0.1524 -0.8519 1.248, 0.1398 -0.843 1.248, 0.151 -0.855 1.248, 0.1364 -0.8478 1.248, 0.1342 -0.8537 1.248, 0.1752 -0.7909 1.2441, 0.1581 -0.793 1.2441, 0.1457 -0.7978 1.2441, 0.1424 -0.7998 1.2441, 0.1424 -0.816 1.2441, 0.154 -0.8087 1.2441, 0.1644 -0.8054 1.2441, 0.1736 -0.8045 1.2441, 0.1794 -0.8051 1.2441, 0.1832 -0.8065 1.2441, 0.1862 -0.8084 1.2441, 0.1887 -0.8111 1.2441, 0.1906 -0.8146 1.2441, 0.1924 -0.8206 1.2441, 0.1929 -0.8278 1.2441, 0.1647 -0.8318 1.2441, 0.152 -0.8349 1.2441, 0.1449 -0.8385 1.2441, 0.1398 -0.843 1.2441, 0.1364 -0.8478 1.2441, 0.1342 -0.8537 1.2441, 0.1331 -0.8609 1.2441, 0.133 -0.8629 1.2441, 0.1338 -0.8703 1.2441, 0.1358 -0.876 1.2441, 0.1389 -0.8807 1.2441, 0.1412 -0.8831 1.2441, 0.1633 -0.8906 1.2441, 0.1465 -0.8869 1.2441, 0.1528 -0.8894 1.2441, 0.1538 -0.8895 1.2441, 0.1606 -0.8906 1.2441, 0.1712 -0.8899 1.2441, 0.1722 -0.8895 1.2441, 0.1781 -0.8875 1.2441, 0.1842 -0.8836 1.2441, 0.1896 -0.878 1.2441, 0.1925 -0.8737 1.2441, 0.1929 -0.8737 1.2441, 0.1929 -0.8884 1.2441, 0.2096 -0.8884 1.2441, 0.2096 -0.8271 1.2441, 0.2083 -0.8142 1.2441, 0.2057 -0.8067 1.2441, 0.2022 -0.8013 1.2441, 0.1977 -0.797 1.2441, 0.1922 -0.7939 1.2441, 0.1851 -0.7918 1.2441, 0.1544 -0.8494 1.2441, 0.1567 -0.8477 1.2441, 0.1607 -0.8458 1.2441, 0.1706 -0.8436 1.2441, 0.15 -0.8615 1.2441, 0.1501 -0.8589 1.2441, 0.151 -0.855 1.2441, 0.1524 -0.8519 1.2441, 0.1548 -0.8726 1.2441, 0.1534 -0.8712 1.2441, 0.1515 -0.8684 1.2441, 0.1504 -0.8654 1.2441, 0.1676 -0.8769 1.2441, 0.162 -0.8763 1.2441, 0.1582 -0.8749 1.2441, 0.1858 -0.8692 1.2441, 0.1839 -0.871 1.2441, 0.1792 -0.8742 1.2441, 0.1742 -0.8762 1.2441, 0.1929 -0.8497 1.2441, 0.1919 -0.858 1.2441, 0.1895 -0.864 1.2441, 0.1929 -0.8406 1.2441, 0.1929 -0.8406 1.2441
            ]
        }
        coordIndex [
            0,1,2,-1,2,1,3,-1,4,5,6,-1,6,5,0,-1,6,0,2,-1,7,5,8,-1,8,5,4,-1,9,7,10,-1,10,7,8,-1,11,9,12,-1,12,9,10,-1,13,11,14,-1,14,11,12,-1,15,13,16,-1,16,13,14,-1,17,15,18,-1,18,15,16,-1,19,17,20,-1,20,17,18,-1,21,19,22,-1,22,19,20,-1,23,21,24,-1,24,21,22,-1,3,1,25,-1,25,1,23,-1,25,23,24,-1,23,1,0,-1,0,5,23,-1,23,5,7,-1,23,7,21,-1,17,19,15,-1,15,19,21,-1,15,21,13,-1,13,21,7,-1,13,7,11,-1,11,7,9,-1,26,27,28,-1,29,30,31,-1,31,30,28,-1,32,33,34,-1,35,36,37,-1,37,36,38,-1,27,39,28,-1,28,39,40,-1,28,40,31,-1,31,40,41,-1,31,41,35,-1,35,41,42,-1,35,42,36,-1,43,44,45,-1,45,44,46,-1,45,46,47,-1,47,46,48,-1,47,48,49,-1,49,48,50,-1,49,50,51,-1,50,52,51,-1,51,52,53,-1,51,53,54,-1,54,53,55,-1,54,55,56,-1,56,55,57,-1,56,57,38,-1,38,57,58,-1,38,58,37,-1,34,26,32,-1,32,26,28,-1,32,28,59,-1,59,28,60,-1,59,60,61,-1,61,60,62,-1,61,62,63,-1,63,62,64,-1,63,64,65,-1,65,64,66,-1,65,66,67,-1,67,66,68,-1,67,68,69,-1,69,68,70,-1,69,70,71,-1,71,70,72,-1,71,72,73,-1,73,72,74,-1,73,74,75,-1,75,74,76,-1,75,76,77,-1,77,76,78,-1,79,80,81,-1,81,80,82,-1,81,82,83,-1,83,82,84,-1,83,84,43,-1,43,84,85,-1,43,85,44,-1,32,86,33,-1,33,86,87,-1,33,87,88,-1,88,87,89,-1,88,89,90,-1,90,89,91,-1,90,91,92,-1,92,91,93,-1,92,93,79,-1,79,93,94,-1,79,94,80,-1,72,95,96,-1,72,96,74,-1,74,96,97,-1,74,97,76,-1,76,97,98,-1,76,98,78,-1,77,78,99,-1,99,78,98,-1,77,99,100,-1,77,100,75,-1,75,100,101,-1,75,101,73,-1,73,101,102,-1,73,102,71,-1,71,102,103,-1,71,103,69,-1,69,103,104,-1,69,104,67,-1,67,104,105,-1,67,105,65,-1,65,105,106,-1,65,106,63,-1,63,106,107,-1,63,107,61,-1,61,107,108,-1,61,108,59,-1,59,108,109,-1,59,109,32,-1,86,32,110,-1,110,32,109,-1,86,110,111,-1,86,111,87,-1,87,111,112,-1,87,112,89,-1,89,112,113,-1,89,113,91,-1,91,113,114,-1,91,114,93,-1,93,114,115,-1,93,115,94,-1,94,115,116,-1,94,116,80,-1,80,116,117,-1,80,117,82,-1,82,117,118,-1,82,118,84,-1,84,118,119,-1,84,119,85,-1,85,119,120,-1,85,120,44,-1,44,120,121,-1,44,121,46,-1,122,53,52,-1,46,121,123,-1,46,123,48,-1,48,123,124,-1,48,124,50,-1,50,124,125,-1,50,125,52,-1,52,125,126,-1,52,126,122,-1,53,122,127,-1,53,127,55,-1,55,127,128,-1,55,128,57,-1,128,129,57,-1,57,129,130,-1,57,130,58,-1,58,130,131,-1,58,131,37,-1,37,131,132,-1,37,132,35,-1,31,35,133,-1,133,35,132,-1,29,31,134,-1,134,31,133,-1,30,29,135,-1,135,29,134,-1,28,30,136,-1,136,30,135,-1,28,136,137,-1,28,137,60,-1,60,137,138,-1,60,138,62,-1,62,138,139,-1,62,139,64,-1,64,139,140,-1,64,140,66,-1,66,140,141,-1,66,141,68,-1,68,141,142,-1,68,142,70,-1,70,142,95,-1,70,95,72,-1,88,143,144,-1,88,144,33,-1,33,144,145,-1,33,145,34,-1,34,145,146,-1,34,146,26,-1,81,147,148,-1,81,148,79,-1,79,148,149,-1,79,149,92,-1,92,149,150,-1,92,150,90,-1,90,150,143,-1,90,143,88,-1,47,151,152,-1,47,152,45,-1,45,152,153,-1,45,153,43,-1,43,153,154,-1,43,154,83,-1,83,154,147,-1,83,147,81,-1,54,155,156,-1,54,156,51,-1,51,156,157,-1,51,157,49,-1,49,157,151,-1,49,151,47,-1,42,158,159,-1,42,159,36,-1,36,159,160,-1,36,160,38,-1,38,160,161,-1,38,161,56,-1,56,161,155,-1,56,155,54,-1,39,162,163,-1,39,163,40,-1,40,163,164,-1,40,164,41,-1,41,164,158,-1,41,158,42,-1,39,27,162,-1,162,27,165,-1,27,26,165,-1,165,26,146,-1,
        ]
    }
}
Shape{
    appearance Appearance {
        material  Material 	{
            diffuseColor 0.7529411764705882 0.7529411764705882 0.7529411764705882
            specularColor 0.3764705882352941 0.3764705882352941 0.3764705882352941
            ambientIntensity 0.2
            transparency 0
            shininess 0.5
        }
    }
    geometry IndexedFaceSet {
        ccw TRUE
        solid FALSE
        coord DEF co Coordinate {
            point [
                0.1839 -0.871 1.2441, 0.1858 -0.8692 1.2441, 0.1706 -0.8436 1.2441, 0.1895 -0.864 1.2441, 0.1742 -0.8762 1.2441, 0.1607 -0.8458 1.2441, 0.1567 -0.8477 1.2441, 0.1792 -0.8742 1.2441, 0.1919 -0.858 1.2441, 0.1929 -0.8497 1.2441, 0.1929 -0.8406 1.2441, 0.151 -0.855 1.2441, 0.1501 -0.8589 1.2441, 0.15 -0.8615 1.2441, 0.1504 -0.8654 1.2441, 0.1582 -0.8749 1.2441, 0.162 -0.8763 1.2441, 0.1548 -0.8726 1.2441, 0.1676 -0.8769 1.2441, 0.1544 -0.8494 1.2441, 0.1524 -0.8519 1.2441, 0.1515 -0.8684 1.2441, 0.1534 -0.8712 1.2441, 0.1534 -0.8712 1.2441
            ]
        }
        coordIndex [
            0,1,2,-1,2,1,3,-1,4,5,6,-1,5,4,2,-1,2,4,7,-1,2,7,0,-1,3,8,2,-1,2,8,9,-1,2,9,10,-1,11,12,4,-1,4,12,13,-1,4,13,14,-1,15,16,17,-1,17,16,18,-1,17,18,4,-1,6,19,4,-1,4,19,20,-1,4,20,11,-1,14,21,4,-1,4,21,22,-1,4,22,17,-1,
        ]
    }
}
Shape{
    appearance Appearance {
        material  Material 	{
            diffuseColor 0.0 0.0 0.0
            specularColor 0.0 0.0 0.0
            ambientIntensity 0.2
            transparency 0
            shininess 0.5
        }
    }
    geometry IndexedFaceSet {
        ccw TRUE
        solid FALSE
        coord DEF co Coordinate {
            point [
                0.2598 -0.877 1.248, 0.2598 -0.877 1.2441, 0.2487 -0.8756 1.2441, 0.2487 -0.8756 1.248, 0.2383 -0.8716 1.2441, 0.2383 -0.8716 1.248, 0.2323 -0.8678 1.2441, 0.2323 -0.8678 1.248, 0.2323 -0.8851 1.248, 0.2323 -0.8851 1.2441, 0.2581 -0.8906 1.2441, 0.2581 -0.8906 1.248, 0.2474 -0.8895 1.2441, 0.244 -0.8892 1.248, 0.244 -0.8892 1.2441, 0.272 -0.8892 1.248, 0.2686 -0.8895 1.2441, 0.272 -0.8892 1.2441, 0.2811 -0.8859 1.2441, 0.2811 -0.8859 1.248, 0.2859 -0.8831 1.2441, 0.2859 -0.8831 1.248, 0.2909 -0.8786 1.2441, 0.2909 -0.8786 1.248, 0.294 -0.8742 1.2441, 0.294 -0.8742 1.248, 0.2959 -0.8689 1.2441, 0.2959 -0.8689 1.248, 0.2967 -0.8625 1.2441, 0.2967 -0.8625 1.248, 0.2959 -0.8559 1.2441, 0.2959 -0.8559 1.248, 0.294 -0.851 1.2441, 0.294 -0.851 1.248, 0.2911 -0.8467 1.2441, 0.2911 -0.8467 1.248, 0.2871 -0.8432 1.2441, 0.2871 -0.8432 1.248, 0.276 -0.837 1.2441, 0.276 -0.837 1.248, 0.2695 -0.8344 1.2441, 0.2695 -0.8344 1.248, 0.2592 -0.8299 1.2441, 0.2592 -0.8299 1.248, 0.2533 -0.8262 1.2441, 0.2533 -0.8262 1.248, 0.2516 -0.8244 1.2441, 0.2516 -0.8244 1.248, 0.2504 -0.8221 1.2441, 0.2504 -0.8221 1.248, 0.2498 -0.8195 1.2441, 0.2498 -0.8195 1.248, 0.2496 -0.8173 1.2441, 0.2496 -0.8173 1.248, 0.2499 -0.8146 1.2441, 0.2499 -0.8146 1.248, 0.2507 -0.8124 1.2441, 0.2507 -0.8124 1.248, 0.2522 -0.8103 1.2441, 0.2522 -0.8103 1.248, 0.2547 -0.808 1.2441, 0.2547 -0.808 1.248, 0.2584 -0.806 1.2441, 0.2584 -0.806 1.248, 0.2629 -0.8049 1.2441, 0.2629 -0.8049 1.248, 0.2679 -0.8045 1.2441, 0.2679 -0.8045 1.248, 0.2796 -0.8059 1.2441, 0.2796 -0.8059 1.248, 0.289 -0.8096 1.2441, 0.289 -0.8096 1.248, 0.2921 -0.8114 1.2441, 0.2921 -0.8114 1.248, 0.2921 -0.7951 1.248, 0.2921 -0.7951 1.2441, 0.2812 -0.7919 1.2441, 0.2812 -0.7919 1.248, 0.2695 -0.7909 1.2441, 0.2695 -0.7909 1.248, 0.256 -0.7925 1.2441, 0.256 -0.7925 1.248, 0.2471 -0.796 1.2441, 0.2471 -0.796 1.248, 0.2431 -0.7985 1.2441, 0.2431 -0.7985 1.248, 0.238 -0.8031 1.2441, 0.238 -0.8031 1.248, 0.2349 -0.8077 1.2441, 0.2349 -0.8077 1.248, 0.233 -0.813 1.2441, 0.233 -0.813 1.248, 0.2324 -0.8188 1.2441, 0.2324 -0.8188 1.248, 0.2332 -0.8256 1.2441, 0.2332 -0.8256 1.248, 0.2351 -0.8306 1.2441, 0.2351 -0.8306 1.248, 0.2371 -0.8339 1.2441, 0.2371 -0.8339 1.248, 0.2399 -0.8367 1.2441, 0.2399 -0.8367 1.248, 0.2477 -0.8419 1.2441, 0.2477 -0.8419 1.248, 0.2577 -0.8465 1.2441, 0.2577 -0.8465 1.248, 0.2687 -0.8511 1.2441, 0.2687 -0.8511 1.248, 0.2752 -0.855 1.2441, 0.2752 -0.855 1.248, 0.2773 -0.8572 1.2441, 0.2773 -0.8572 1.248, 0.2786 -0.8594 1.2441, 0.2786 -0.8594 1.248, 0.2793 -0.862 1.2441, 0.2793 -0.862 1.248, 0.2795 -0.8641 1.2441, 0.2795 -0.8641 1.248, 0.2791 -0.8673 1.2441, 0.2791 -0.8673 1.248, 0.2783 -0.8697 1.2441, 0.2783 -0.8697 1.248, 0.2768 -0.8718 1.2441, 0.2768 -0.8718 1.248, 0.2749 -0.8735 1.2441, 0.2749 -0.8735 1.248, 0.2734 -0.8745 1.2441, 0.2734 -0.8745 1.248, 0.2691 -0.876 1.2441, 0.2691 -0.876 1.248, 0.2605 -0.877 1.2441, 0.2605 -0.877 1.248, 0.3795 -0.7931 1.248, 0.3968 -0.7931 1.248, 0.3795 -0.7931 1.2441, 0.3968 -0.7931 1.2441, 0.3535 -0.8649 1.248, 0.3535 -0.8649 1.2441, 0.3522 -0.8693 1.2441, 0.3522 -0.8693 1.248, 0.3514 -0.8726 1.2441, 0.3514 -0.8726 1.248, 0.351 -0.8726 1.248, 0.351 -0.8726 1.2441, 0.3489 -0.8647 1.248, 0.3489 -0.8647 1.2441, 0.324 -0.7931 1.2441, 0.324 -0.7931 1.248, 0.3321 -0.8163 1.2441, 0.3054 -0.7931 1.248, 0.3054 -0.7931 1.2441, 0.3427 -0.8882 1.2441, 0.3427 -0.8882 1.248, 0.3321 -0.8612 1.2441, 0.3354 -0.9055 1.2441, 0.3354 -0.9055 1.248, 0.3422 -0.8895 1.2441, 0.3321 -0.9114 1.2441, 0.3319 -0.9119 1.248, 0.3319 -0.9119 1.2441, 0.3287 -0.9152 1.2441, 0.3287 -0.9152 1.248, 0.3269 -0.9166 1.2441, 0.3269 -0.9166 1.248, 0.3233 -0.9182 1.2441, 0.3233 -0.9182 1.248, 0.3195 -0.9189 1.2441, 0.3195 -0.9189 1.248, 0.3183 -0.919 1.2441, 0.3183 -0.919 1.248, 0.3122 -0.9182 1.2441, 0.3122 -0.9182 1.248, 0.3088 -0.9171 1.2441, 0.3088 -0.9171 1.248, 0.3088 -0.9319 1.248, 0.3088 -0.9319 1.2441, 0.3156 -0.9331 1.2441, 0.3156 -0.9331 1.248, 0.3196 -0.9333 1.2441, 0.3196 -0.9333 1.248, 0.3264 -0.9325 1.2441, 0.3264 -0.9325 1.248, 0.3321 -0.9303 1.2441, 0.333 -0.93 1.248, 0.333 -0.93 1.2441, 0.3388 -0.9259 1.2441, 0.3388 -0.9259 1.248, 0.3398 -0.925 1.2441, 0.3398 -0.925 1.248, 0.3459 -0.9176 1.2441, 0.3459 -0.9176 1.248, 0.3536 -0.9028 1.2441, 0.3536 -0.9028 1.248, 0.3588 -0.8895 1.2441, 0.4866 -0.8732 1.248, 0.4866 -0.8884 1.248, 0.4866 -0.8732 1.2441, 0.4866 -0.8884 1.2441, 0.4321 -0.8732 1.2441, 0.4321 -0.8732 1.248, 0.4571 -0.8732 1.2441, 0.4321 -0.8283 1.248, 0.4321 -0.8283 1.2441, 0.4798 -0.8283 1.2441, 0.4798 -0.8283 1.248, 0.4571 -0.8283 1.2441, 0.4798 -0.813 1.248, 0.4798 -0.813 1.2441, 0.4321 -0.813 1.2441, 0.4321 -0.813 1.248, 0.4571 -0.813 1.2441, 0.4321 -0.7703 1.248, 0.4321 -0.7703 1.2441, 0.4836 -0.7703 1.2441, 0.4836 -0.7703 1.248, 0.4571 -0.7703 1.2441, 0.4836 -0.7549 1.248, 0.4836 -0.7549 1.2441, 0.4149 -0.7549 1.2441, 0.4149 -0.7549 1.248, 0.4571 -0.7549 1.2441, 0.4149 -0.8884 1.248, 0.4149 -0.8884 1.2441, 0.4571 -0.8884 1.2441, 0.5948 -0.851 1.248, 0.5881 -0.8593 1.248, 0.6004 -0.8697 1.248, 0.5857 -0.8615 1.248, 0.5866 -0.8796 1.248, 0.5768 -0.8673 1.248, 0.5715 -0.8856 1.248, 0.5654 -0.8714 1.248, 0.5485 -0.8884 1.248, 0.5484 -0.8732 1.248, 0.5118 -0.8884 1.248, 0.5291 -0.8732 1.248, 0.5118 -0.7549 1.248, 0.5291 -0.7703 1.248, 0.5499 -0.7549 1.248, 0.5492 -0.7703 1.248, 0.5703 -0.7572 1.248, 0.5664 -0.7722 1.248, 0.5864 -0.7631 1.248, 0.578 -0.7764 1.248, 0.6004 -0.7726 1.248, 0.5877 -0.7829 1.248, 0.6049 -0.7771 1.248, 0.5921 -0.7873 1.248, 0.6132 -0.7887 1.248, 0.5971 -0.795 1.248, 0.6182 -0.8014 1.248, 0.6007 -0.8051 1.248, 0.6205 -0.82 1.248, 0.6024 -0.8204 1.248, 0.6201 -0.8284 1.248, 0.6019 -0.8289 1.248, 0.6169 -0.844 1.248, 0.5993 -0.8411 1.248, 0.6103 -0.8579 1.248, 0.5485 -0.8884 1.2441, 0.5118 -0.8884 1.2441, 0.6004 -0.8697 1.2441, 0.5715 -0.8856 1.2441, 0.5857 -0.88 1.2441, 0.5866 -0.8796 1.2441, 0.6103 -0.8579 1.2441, 0.6169 -0.844 1.2441, 0.6201 -0.8284 1.2441, 0.6205 -0.82 1.2441, 0.6182 -0.8014 1.2441, 0.6132 -0.7887 1.2441, 0.6049 -0.7771 1.2441, 0.6004 -0.7726 1.2441, 0.5499 -0.7549 1.2441, 0.5864 -0.7631 1.2441, 0.5857 -0.7628 1.2441, 0.5703 -0.7572 1.2441, 0.5118 -0.7549 1.2441, 0.5492 -0.7703 1.2441, 0.5291 -0.7703 1.2441, 0.5291 -0.8732 1.2441, 0.5484 -0.8732 1.2441, 0.5881 -0.8593 1.2441, 0.5857 -0.8615 1.2441, 0.5768 -0.8673 1.2441, 0.5654 -0.8714 1.2441, 0.6024 -0.8204 1.2441, 0.6019 -0.8289 1.2441, 0.5993 -0.8411 1.2441, 0.5948 -0.851 1.2441, 0.5877 -0.7829 1.2441, 0.5921 -0.7873 1.2441, 0.5971 -0.795 1.2441, 0.6007 -0.8051 1.2441, 0.5664 -0.7722 1.2441, 0.578 -0.7764 1.2441, 0.578 -0.7764 1.2441
            ]
        }
        coordIndex [
            0,1,2,-1,0,2,3,-1,3,2,4,-1,3,4,5,-1,5,4,6,-1,5,6,7,-1,8,7,9,-1,9,7,6,-1,10,11,12,-1,12,11,13,-1,12,13,14,-1,14,13,8,-1,14,8,9,-1,11,10,15,-1,15,10,16,-1,16,17,15,-1,15,17,18,-1,15,18,19,-1,19,18,20,-1,19,20,21,-1,21,20,22,-1,21,22,23,-1,23,22,24,-1,23,24,25,-1,25,24,26,-1,25,26,27,-1,27,26,28,-1,27,28,29,-1,29,28,30,-1,29,30,31,-1,31,30,32,-1,31,32,33,-1,33,32,34,-1,33,34,35,-1,35,34,36,-1,35,36,37,-1,37,36,38,-1,37,38,39,-1,39,38,40,-1,39,40,41,-1,41,40,42,-1,41,42,43,-1,43,42,44,-1,43,44,45,-1,45,44,46,-1,45,46,47,-1,47,46,48,-1,47,48,49,-1,49,48,50,-1,49,50,51,-1,51,50,52,-1,51,52,53,-1,53,52,54,-1,53,54,55,-1,55,54,56,-1,55,56,57,-1,57,56,58,-1,57,58,59,-1,59,58,60,-1,59,60,61,-1,61,60,62,-1,61,62,63,-1,63,62,64,-1,63,64,65,-1,65,64,66,-1,65,66,67,-1,67,66,68,-1,67,68,69,-1,69,68,70,-1,69,70,71,-1,71,70,72,-1,71,72,73,-1,74,73,75,-1,75,73,72,-1,74,75,76,-1,74,76,77,-1,77,76,78,-1,77,78,79,-1,79,78,80,-1,79,80,81,-1,81,80,82,-1,81,82,83,-1,83,82,84,-1,83,84,85,-1,85,84,86,-1,85,86,87,-1,87,86,88,-1,87,88,89,-1,89,88,90,-1,89,90,91,-1,91,90,92,-1,91,92,93,-1,93,92,94,-1,93,94,95,-1,95,94,96,-1,95,96,97,-1,97,96,98,-1,97,98,99,-1,99,98,100,-1,99,100,101,-1,101,100,102,-1,101,102,103,-1,103,102,104,-1,103,104,105,-1,105,104,106,-1,105,106,107,-1,107,106,108,-1,107,108,109,-1,109,108,110,-1,109,110,111,-1,111,110,112,-1,111,112,113,-1,113,112,114,-1,113,114,115,-1,115,114,116,-1,115,116,117,-1,117,116,118,-1,117,118,119,-1,119,118,120,-1,119,120,121,-1,121,120,122,-1,121,122,123,-1,123,122,124,-1,123,124,125,-1,125,124,126,-1,125,126,127,-1,127,126,128,-1,127,128,129,-1,129,128,130,-1,129,130,131,-1,131,130,1,-1,131,1,0,-1,57,59,85,-1,85,59,83,-1,83,59,61,-1,83,61,81,-1,121,23,25,-1,107,41,105,-1,105,41,43,-1,121,25,119,-1,119,25,27,-1,119,27,117,-1,117,27,29,-1,117,29,115,-1,115,29,31,-1,115,31,113,-1,113,31,33,-1,113,33,111,-1,111,33,35,-1,111,35,109,-1,109,35,37,-1,109,37,107,-1,107,37,39,-1,107,39,41,-1,23,121,21,-1,21,121,123,-1,21,123,19,-1,11,0,13,-1,13,0,3,-1,13,3,8,-1,8,3,5,-1,8,5,7,-1,61,63,81,-1,81,63,65,-1,81,65,79,-1,79,65,67,-1,79,67,77,-1,77,67,69,-1,77,69,74,-1,74,69,71,-1,74,71,73,-1,123,125,19,-1,19,125,127,-1,19,127,15,-1,15,127,129,-1,15,129,11,-1,11,129,131,-1,11,131,0,-1,85,87,57,-1,57,87,89,-1,57,89,55,-1,55,89,91,-1,55,91,53,-1,53,91,93,-1,53,93,51,-1,51,93,95,-1,51,95,49,-1,49,95,97,-1,49,97,47,-1,47,97,99,-1,47,99,45,-1,45,99,101,-1,45,101,43,-1,43,101,103,-1,43,103,105,-1,132,133,134,-1,134,133,135,-1,136,132,137,-1,137,132,134,-1,136,137,138,-1,136,138,139,-1,139,138,140,-1,139,140,141,-1,142,141,143,-1,143,141,140,-1,144,142,145,-1,145,142,143,-1,146,147,148,-1,148,147,144,-1,148,144,145,-1,149,147,150,-1,150,147,146,-1,151,152,153,-1,153,152,149,-1,153,149,150,-1,154,155,156,-1,156,155,152,-1,156,152,151,-1,154,157,155,-1,155,157,158,-1,157,159,158,-1,158,159,160,-1,158,160,161,-1,161,160,162,-1,161,162,163,-1,163,162,164,-1,163,164,165,-1,165,164,166,-1,165,166,167,-1,167,166,168,-1,167,168,169,-1,169,168,170,-1,169,170,171,-1,171,170,172,-1,171,172,173,-1,174,173,175,-1,175,173,172,-1,174,175,176,-1,174,176,177,-1,177,176,178,-1,177,178,179,-1,179,178,180,-1,179,180,181,-1,181,180,182,-1,181,182,183,-1,182,184,183,-1,183,184,185,-1,183,185,186,-1,186,185,187,-1,186,187,188,-1,188,187,189,-1,188,189,190,-1,190,189,191,-1,190,191,192,-1,135,133,193,-1,193,133,192,-1,193,192,191,-1,139,141,192,-1,171,173,174,-1,133,132,192,-1,192,132,136,-1,192,136,139,-1,147,149,144,-1,144,149,152,-1,144,152,142,-1,141,142,192,-1,192,142,152,-1,192,152,190,-1,171,174,169,-1,169,174,177,-1,169,177,167,-1,167,177,179,-1,167,179,165,-1,165,179,181,-1,165,181,163,-1,163,181,183,-1,163,183,161,-1,152,155,190,-1,190,155,158,-1,190,158,188,-1,188,158,161,-1,188,161,186,-1,186,161,183,-1,194,195,196,-1,196,195,197,-1,198,199,200,-1,200,199,194,-1,200,194,196,-1,201,199,202,-1,202,199,198,-1,203,204,205,-1,205,204,201,-1,205,201,202,-1,206,204,207,-1,207,204,203,-1,208,209,210,-1,210,209,206,-1,210,206,207,-1,211,209,212,-1,212,209,208,-1,213,214,215,-1,215,214,211,-1,215,211,212,-1,216,214,217,-1,217,214,213,-1,218,219,220,-1,220,219,216,-1,220,216,217,-1,221,219,222,-1,222,219,218,-1,197,195,223,-1,223,195,221,-1,223,221,222,-1,221,195,194,-1,194,199,221,-1,221,199,201,-1,221,201,219,-1,214,216,211,-1,211,216,219,-1,211,219,209,-1,209,219,201,-1,209,201,206,-1,206,201,204,-1,224,225,226,-1,226,225,227,-1,226,227,228,-1,228,227,229,-1,228,229,230,-1,230,229,231,-1,230,231,232,-1,232,231,233,-1,232,233,234,-1,234,233,235,-1,234,235,236,-1,236,235,237,-1,236,237,238,-1,238,237,239,-1,238,239,240,-1,240,239,241,-1,240,241,242,-1,242,241,243,-1,242,243,244,-1,244,243,245,-1,244,245,246,-1,246,245,247,-1,246,247,248,-1,248,247,249,-1,248,249,250,-1,250,249,251,-1,250,251,252,-1,252,251,253,-1,252,253,254,-1,254,253,255,-1,254,255,256,-1,256,255,257,-1,256,257,258,-1,258,257,224,-1,258,224,226,-1,232,234,259,-1,259,234,260,-1,261,226,228,-1,232,259,262,-1,232,262,230,-1,230,262,263,-1,230,263,228,-1,228,263,264,-1,228,264,261,-1,226,261,265,-1,226,265,258,-1,258,265,266,-1,258,266,256,-1,256,266,267,-1,256,267,254,-1,254,267,268,-1,254,268,252,-1,252,268,269,-1,252,269,250,-1,250,269,270,-1,250,270,248,-1,248,270,271,-1,248,271,246,-1,246,271,272,-1,246,272,244,-1,273,238,240,-1,244,272,274,-1,244,274,242,-1,242,274,275,-1,242,275,240,-1,240,275,276,-1,240,276,273,-1,236,238,277,-1,277,238,273,-1,234,236,260,-1,260,236,277,-1,239,237,278,-1,278,237,279,-1,237,235,279,-1,279,235,280,-1,235,233,280,-1,280,233,281,-1,225,282,283,-1,225,283,227,-1,227,283,284,-1,227,284,229,-1,229,284,285,-1,229,285,231,-1,231,285,281,-1,231,281,233,-1,253,286,287,-1,253,287,255,-1,255,287,288,-1,255,288,257,-1,257,288,289,-1,257,289,224,-1,224,289,282,-1,224,282,225,-1,245,290,291,-1,245,291,247,-1,247,291,292,-1,247,292,249,-1,249,292,293,-1,249,293,251,-1,251,293,286,-1,251,286,253,-1,239,278,294,-1,239,294,241,-1,241,294,295,-1,241,295,243,-1,243,295,290,-1,243,290,245,-1,
        ]
    }
}
Shape{
    appearance Appearance {
        material  Material 	{
            diffuseColor 0.7529411764705882 0.7529411764705882 0.7529411764705882
            specularColor 0.3764705882352941 0.3764705882352941 0.3764705882352941
            ambientIntensity 0.2
            transparency 0
            shininess 0.5
        }
    }
    geometry IndexedFaceSet {
        ccw TRUE
        solid FALSE
        coord DEF co Coordinate {
            point [
                0.5291 -0.7703 1.2441, 0.5291 -0.8732 1.2441, 0.5492 -0.7703 1.2441, 0.5484 -0.8732 1.2441, 0.5654 -0.8714 1.2441, 0.5768 -0.8673 1.2441, 0.5857 -0.8615 1.2441, 0.5881 -0.8593 1.2441, 0.5948 -0.851 1.2441, 0.5993 -0.8411 1.2441, 0.6019 -0.8289 1.2441, 0.6024 -0.8204 1.2441, 0.6007 -0.8051 1.2441, 0.5971 -0.795 1.2441, 0.5921 -0.7873 1.2441, 0.5877 -0.7829 1.2441, 0.5664 -0.7722 1.2441, 0.578 -0.7764 1.2441, 0.578 -0.7764 1.2441
            ]
        }
        coordIndex [
            0,1,2,-1,2,1,3,-1,2,3,4,-1,4,5,2,-1,2,5,6,-1,2,6,7,-1,7,8,2,-1,2,8,9,-1,2,9,10,-1,10,11,2,-1,2,11,12,-1,2,12,13,-1,13,14,2,-1,2,14,15,-1,2,15,16,-1,16,15,17,-1,
        ]
    }
}
Shape{
    appearance Appearance {
        material  Material 	{
            diffuseColor 0.0 0.0 0.0
            specularColor 0.0 0.0 0.0
            ambientIntensity 0.2
            transparency 0
            shininess 0.5
        }
    }
    geometry IndexedFaceSet {
        ccw TRUE
        solid FALSE
        coord DEF co Coordinate {
            point [
                0.6652 -0.8368 1.248, 0.6598 -0.8519 1.248, 0.71 -0.8368 1.248, 0.7153 -0.8519 1.248, 0.6852 -0.7814 1.248, 0.6787 -0.7549 1.248, 0.6279 -0.8884 1.248, 0.6469 -0.8884 1.248, 0.6863 -0.7774 1.248, 0.6873 -0.772 1.248, 0.6971 -0.7549 1.248, 0.6878 -0.772 1.248, 0.6888 -0.7777 1.248, 0.6898 -0.7814 1.248, 0.748 -0.8884 1.248, 0.7289 -0.8884 1.248, 0.6971 -0.7549 1.2441, 0.748 -0.8884 1.2441, 0.6787 -0.7549 1.2441, 0.6279 -0.8884 1.2441, 0.6469 -0.8884 1.2441, 0.6598 -0.8519 1.2441, 0.7153 -0.8519 1.2441, 0.7289 -0.8884 1.2441, 0.6652 -0.8368 1.2441, 0.71 -0.8368 1.2441, 0.6898 -0.7814 1.2441, 0.6878 -0.772 1.2441, 0.6888 -0.7777 1.2441, 0.6873 -0.772 1.2441, 0.6852 -0.7814 1.2441, 0.6863 -0.7774 1.2441, 0.6863 -0.7774 1.2441
            ]
        }
        coordIndex [
            0,1,2,-1,2,1,3,-1,4,5,0,-1,0,5,6,-1,0,6,1,-1,1,6,7,-1,4,8,5,-1,5,8,9,-1,5,9,10,-1,10,9,11,-1,10,11,12,-1,12,13,10,-1,10,13,2,-1,10,2,14,-1,14,2,3,-1,14,3,15,-1,10,14,16,-1,16,14,17,-1,5,10,18,-1,18,10,16,-1,6,5,19,-1,19,5,18,-1,7,6,20,-1,20,6,19,-1,1,7,21,-1,21,7,20,-1,3,1,22,-1,22,1,21,-1,15,3,23,-1,23,3,22,-1,14,15,17,-1,17,15,23,-1,0,2,24,-1,24,2,25,-1,2,13,25,-1,25,13,26,-1,11,27,28,-1,11,28,12,-1,12,28,26,-1,12,26,13,-1,11,9,27,-1,27,9,29,-1,4,30,31,-1,4,31,8,-1,8,31,29,-1,8,29,9,-1,4,0,30,-1,30,0,24,-1,
        ]
    }
}
Shape{
    appearance Appearance {
        material  Material 	{
            diffuseColor 0.7529411764705882 0.7529411764705882 0.7529411764705882
            specularColor 0.3764705882352941 0.3764705882352941 0.3764705882352941
            ambientIntensity 0.2
            transparency 0
            shininess 0.5
        }
    }
    geometry IndexedFaceSet {
        ccw TRUE
        solid FALSE
        coord DEF co Coordinate {
            point [
                0.6878 -0.772 1.2441, 0.6873 -0.772 1.2441, 0.6888 -0.7777 1.2441, 0.6863 -0.7774 1.2441, 0.6898 -0.7814 1.2441, 0.6852 -0.7814 1.2441, 0.71 -0.8368 1.2441, 0.6652 -0.8368 1.2441, 0.6652 -0.8368 1.2441
            ]
        }
        coordIndex [
            0,1,2,-1,2,1,3,-1,2,3,4,-1,4,3,5,-1,4,5,6,-1,6,5,7,-1,
        ]
    }
}
Shape{
    appearance Appearance {
        material  Material 	{
            diffuseColor 0.0 0.0 0.0
            specularColor 0.0 0.0 0.0
            ambientIntensity 0.2
            transparency 0
            shininess 0.5
        }
    }
    geometry IndexedFaceSet {
        ccw TRUE
        solid FALSE
        coord DEF co Coordinate {
            point [
                -0.5441 -0.9073 1.248, -0.53 -0.9247 1.248, -0.5527 -0.8234 1.248, -0.569 -0.6584 1.248, -0.5478 -0.6472 1.248, -0.5532 -0.589 1.248, -0.3686 -0.8566 1.248, -0.3686 -0.8471 1.248, -0.4491 -0.8239 1.248, -0.458 -0.8211 1.248, -0.5156 -0.5843 1.248, -0.4348 -0.8353 1.248, -0.4304 -0.8429 1.248, -0.3691 -0.8663 1.248, -0.2357 -0.7769 1.248, -0.2652 -0.7266 1.248, -0.3923 -0.793 1.248, -0.4644 -0.8205 1.248, -0.4734 -0.8217 1.248, -0.486 -0.7635 1.248, -0.4817 -0.8249 1.248, -0.507 -0.7715 1.248, -0.4892 -0.8301 1.248, -0.5264 -0.785 1.248, -0.4937 -0.835 1.248, -0.5421 -0.8029 1.248, -0.4985 -0.843 1.248, -0.501 -0.852 1.248, -0.429 -0.7672 1.248, -0.4519 -0.7615 1.248, -0.4635 -0.7608 1.248, -0.4938 -0.5862 1.248, -0.4644 -0.6555 1.248, -0.452 -0.6287 1.248, -0.5733 -0.8107 1.248, -0.5658 -0.8833 1.248, -0.5536 -0.887 1.248, -0.4412 -0.8288 1.248, -0.4893 -0.8849 1.248, -0.4818 -0.8902 1.248, -0.5115 -0.9387 1.248, -0.4731 -0.8935 1.248, -0.4744 -0.5635 1.248, -0.4314 -0.6027 1.248, -0.4521 -0.5444 1.248, -0.4054 -0.5827 1.248, -0.429 -0.5302 1.248, -0.5244 -0.6417 1.248, -0.5147 -0.6412 1.248, -0.5047 -0.5849 1.248, -0.4927 -0.6439 1.248, -0.4714 -0.6516 1.248, -0.4088 -0.778 1.248, -0.2044 -0.683 1.248, -0.1968 -0.683 1.248, -0.1579 -0.6317 1.248, -0.1789 -0.6852 1.248, -0.1505 -0.6343 1.248, -0.1623 -0.6915 1.248, -0.1225 -0.649 1.248, -0.1476 -0.7018 1.248, -0.0973 -0.6713 1.248, -0.1365 -0.7142 1.248, -0.0786 -0.6987 1.248, -0.1277 -0.7306 1.248, -0.0676 -0.7278 1.248, -0.1233 -0.7488 1.248, -0.064 -0.756 1.248, -0.1228 -0.757 1.248, -0.0642 -0.7621 1.248, -0.1251 -0.7754 1.248, -0.2448 -0.8884 1.248, -0.2414 -0.8889 1.248, -0.2339 -0.831 1.248, -0.3853 -0.5133 1.248, -0.3747 -0.5695 1.248, -0.3382 -0.5074 1.248, -0.2092 -0.5568 1.248, -0.2387 -0.6081 1.248, -0.1781 -0.5926 1.248, -0.2193 -0.6354 1.248, -0.2072 -0.6671 1.248, -0.6068 -0.7132 1.248, -0.6691 -0.7292 1.248, -0.6096 -0.7361 1.248, -0.6694 -0.738 1.248, -0.6085 -0.7505 1.248, -0.6647 -0.7755 1.248, -0.6017 -0.7738 1.248, -0.651 -0.8108 1.248, -0.5903 -0.7932 1.248, -0.6295 -0.8414 1.248, -0.6 -0.8666 1.248, -0.4953 -0.8779 1.248, -0.4993 -0.8701 1.248, -0.5012 -0.8613 1.248, -0.1912 -0.831 1.248, -0.1855 -0.8889 1.248, -0.1743 -0.8278 1.248, -0.1569 -0.8832 1.248, -0.1575 -0.82 1.248, -0.1277 -0.8698 1.248, -0.1434 -0.8086 1.248, -0.1027 -0.8499 1.248, -0.1421 -0.8071 1.248, -0.0991 -0.8462 1.248, -0.1316 -0.7923 1.248, -0.0819 -0.8228 1.248, -0.0693 -0.7932 1.248, -0.5883 -0.6026 1.248, -0.6185 -0.6239 1.248, -0.5855 -0.6731 1.248, -0.6248 -0.6298 1.248, -0.5987 -0.692 1.248, -0.6477 -0.6593 1.248, -0.6628 -0.6935 1.248, -0.4279 -0.8516 1.248, -0.4275 -0.8608 1.248, -0.3746 -0.8897 1.248, -0.4296 -0.8699 1.248, -0.3858 -0.9109 1.248, -0.4338 -0.8782 1.248, -0.4005 -0.9274 1.248, -0.4398 -0.8852 1.248, -0.4194 -0.9406 1.248, -0.447 -0.8902 1.248, -0.4406 -0.9487 1.248, -0.4553 -0.8934 1.248, -0.4635 -0.9515 1.248, -0.4644 -0.8946 1.248, -0.4672 -0.9514 1.248, -0.4896 -0.9479 1.248, -0.3431 -0.5645 1.248, -0.3373 -0.5644 1.248, -0.2991 -0.5115 1.248, -0.3085 -0.5675 1.248, -0.2515 -0.5283 1.248, -0.2785 -0.5781 1.248, -0.2514 -0.5959 1.248, -0.2688 -0.8565 1.248, -0.269 -0.8594 1.248, -0.2386 -0.8301 1.248, -0.2682 -0.8659 1.248, -0.2659 -0.8724 1.248, -0.2619 -0.8784 1.248, -0.2577 -0.8825 1.248, -0.2358 -0.8307 1.248, -0.2512 -0.8864 1.248, -0.2395 -0.83 1.248, -0.2461 -0.8308 1.248, -0.2527 -0.8332 1.248, -0.2586 -0.8371 1.248, -0.2636 -0.8426 1.248, -0.2671 -0.8492 1.248, -0.064 -0.756 1.2441, -0.0676 -0.7278 1.2441, -0.0717 -0.7169 1.2441, -0.0786 -0.6987 1.2441, -0.0973 -0.6713 1.2441, -0.1225 -0.649 1.2441, -0.1505 -0.6343 1.2441, -0.1579 -0.6317 1.2441, -0.1781 -0.5926 1.2441, -0.2092 -0.5568 1.2441, -0.2991 -0.5115 1.2441, -0.231 -0.5421 1.2441, -0.2515 -0.5283 1.2441, -0.3273 -0.5086 1.2441, -0.3382 -0.5074 1.2441, -0.3853 -0.5133 1.2441, -0.429 -0.5302 1.2441, -0.4483 -0.5421 1.2441, -0.4521 -0.5444 1.2441, -0.4744 -0.5635 1.2441, -0.4938 -0.5862 1.2441, -0.5047 -0.5849 1.2441, -0.5156 -0.5843 1.2441, -0.5532 -0.589 1.2441, -0.5883 -0.6026 1.2441, -0.6185 -0.6239 1.2441, -0.6248 -0.6298 1.2441, -0.6694 -0.738 1.2441, -0.6477 -0.6593 1.2441, -0.6628 -0.6935 1.2441, -0.6669 -0.7169 1.2441, -0.6691 -0.7292 1.2441, -0.6647 -0.7755 1.2441, -0.651 -0.8108 1.2441, -0.6295 -0.8414 1.2441, -0.6 -0.8666 1.2441, -0.5658 -0.8833 1.2441, -0.5536 -0.887 1.2441, -0.5524 -0.8895 1.2441, -0.5441 -0.9073 1.2441, -0.53 -0.9247 1.2441, -0.5115 -0.9387 1.2441, -0.5027 -0.9424 1.2441, -0.4896 -0.9479 1.2441, -0.4672 -0.9514 1.2441, -0.4635 -0.9515 1.2441, -0.3686 -0.8566 1.2441, -0.4406 -0.9487 1.2441, -0.4242 -0.9424 1.2441, -0.4194 -0.9406 1.2441, -0.4005 -0.9274 1.2441, -0.3858 -0.9109 1.2441, -0.3746 -0.8897 1.2441, -0.3745 -0.8895 1.2441, -0.3691 -0.8663 1.2441, -0.3686 -0.8471 1.2441, -0.2357 -0.7769 1.2441, -0.3273 -0.8253 1.2441, -0.2652 -0.7266 1.2441, -0.3923 -0.793 1.2441, -0.3273 -0.7591 1.2441, -0.4088 -0.778 1.2441, -0.429 -0.7672 1.2441, -0.4519 -0.7615 1.2441, -0.4635 -0.7608 1.2441, -0.486 -0.7635 1.2441, -0.507 -0.7715 1.2441, -0.5264 -0.785 1.2441, -0.5421 -0.8029 1.2441, -0.5527 -0.8234 1.2441, -0.5733 -0.8107 1.2441, -0.5903 -0.7932 1.2441, -0.6017 -0.7738 1.2441, -0.6085 -0.7505 1.2441, -0.6096 -0.7361 1.2441, -0.6072 -0.7169 1.2441, -0.6068 -0.7132 1.2441, -0.5987 -0.692 1.2441, -0.5855 -0.6731 1.2441, -0.569 -0.6584 1.2441, -0.5478 -0.6472 1.2441, -0.5244 -0.6417 1.2441, -0.5147 -0.6412 1.2441, -0.4927 -0.6439 1.2441, -0.4714 -0.6516 1.2441, -0.4644 -0.6555 1.2441, -0.452 -0.6287 1.2441, -0.4314 -0.6027 1.2441, -0.4054 -0.5827 1.2441, -0.3747 -0.5695 1.2441, -0.3431 -0.5645 1.2441, -0.3373 -0.5644 1.2441, -0.3273 -0.5655 1.2441, -0.3085 -0.5675 1.2441, -0.2785 -0.5781 1.2441, -0.2514 -0.5959 1.2441, -0.2387 -0.6081 1.2441, -0.2193 -0.6354 1.2441, -0.2072 -0.6671 1.2441, -0.2044 -0.683 1.2441, -0.1968 -0.683 1.2441, -0.1789 -0.6852 1.2441, -0.1623 -0.6915 1.2441, -0.1476 -0.7018 1.2441, -0.1365 -0.7142 1.2441, -0.135 -0.7169 1.2441, -0.1277 -0.7306 1.2441, -0.1233 -0.7488 1.2441, -0.1228 -0.757 1.2441, -0.1251 -0.7754 1.2441, -0.1316 -0.7923 1.2441, -0.1421 -0.8071 1.2441, -0.1434 -0.8086 1.2441, -0.1575 -0.82 1.2441, -0.1743 -0.8278 1.2441, -0.1912 -0.831 1.2441, -0.2339 -0.831 1.2441, -0.2358 -0.8307 1.2441, -0.2386 -0.8301 1.2441, -0.2395 -0.83 1.2441, -0.2461 -0.8308 1.2441, -0.2527 -0.8332 1.2441, -0.2586 -0.8371 1.2441, -0.2636 -0.8426 1.2441, -0.2671 -0.8492 1.2441, -0.2688 -0.8565 1.2441, -0.269 -0.8594 1.2441, -0.2682 -0.8659 1.2441, -0.2659 -0.8724 1.2441, -0.2619 -0.8784 1.2441, -0.2577 -0.8825 1.2441, -0.2512 -0.8864 1.2441, -0.2448 -0.8884 1.2441, -0.2414 -0.8889 1.2441, -0.1855 -0.8889 1.2441, -0.1569 -0.8832 1.2441, -0.1277 -0.8698 1.2441, -0.1027 -0.8499 1.2441, -0.0991 -0.8462 1.2441, -0.0819 -0.8228 1.2441, -0.0693 -0.7932 1.2441, -0.0642 -0.7621 1.2441, -0.4644 -0.8205 1.2441, -0.458 -0.8211 1.2441, -0.4491 -0.8239 1.2441, -0.4412 -0.8288 1.2441, -0.4348 -0.8353 1.2441, -0.4304 -0.8429 1.2441, -0.4279 -0.8516 1.2441, -0.4275 -0.8608 1.2441, -0.4296 -0.8699 1.2441, -0.4338 -0.8782 1.2441, -0.4398 -0.8852 1.2441, -0.447 -0.8902 1.2441, -0.4553 -0.8934 1.2441, -0.4644 -0.8946 1.2441, -0.4731 -0.8935 1.2441, -0.4818 -0.8902 1.2441, -0.4893 -0.8849 1.2441, -0.4953 -0.8779 1.2441, -0.4993 -0.8701 1.2441, -0.5012 -0.8613 1.2441, -0.501 -0.852 1.2441, -0.4985 -0.843 1.2441, -0.4937 -0.835 1.2441, -0.4892 -0.8301 1.2441, -0.4817 -0.8249 1.2441, -0.4734 -0.8217 1.2441, -0.4734 -0.8217 1.2441
            ]
        }
        coordIndex [
            0,1,2,-1,3,4,5,-1,6,7,8,-1,8,7,9,-1,5,4,10,-1,11,12,13,-1,14,15,7,-1,7,15,16,-1,7,16,9,-1,9,16,17,-1,18,19,20,-1,20,19,21,-1,20,21,22,-1,22,21,23,-1,22,23,24,-1,24,23,25,-1,24,25,26,-1,26,25,2,-1,26,2,27,-1,28,29,18,-1,18,29,30,-1,18,30,19,-1,31,32,33,-1,34,35,2,-1,2,35,36,-1,2,36,0,-1,6,8,13,-1,13,8,37,-1,13,37,11,-1,38,1,39,-1,39,1,40,-1,39,40,41,-1,31,33,42,-1,42,33,43,-1,42,43,44,-1,44,43,45,-1,44,45,46,-1,4,47,10,-1,10,47,48,-1,10,48,49,-1,49,48,50,-1,49,50,31,-1,31,50,51,-1,31,51,32,-1,17,16,18,-1,18,16,52,-1,18,52,28,-1,53,54,55,-1,55,54,56,-1,55,56,57,-1,57,56,58,-1,57,58,59,-1,59,58,60,-1,59,60,61,-1,61,60,62,-1,61,62,63,-1,63,62,64,-1,63,64,65,-1,65,64,66,-1,65,66,67,-1,67,66,68,-1,67,68,69,-1,69,68,70,-1,71,72,73,-1,46,45,74,-1,74,45,75,-1,74,75,76,-1,77,78,79,-1,79,78,80,-1,79,80,55,-1,55,80,81,-1,55,81,53,-1,82,83,84,-1,84,83,85,-1,84,85,86,-1,86,85,87,-1,86,87,88,-1,88,87,89,-1,88,89,90,-1,90,89,91,-1,90,91,34,-1,34,91,92,-1,34,92,35,-1,38,93,1,-1,1,93,94,-1,1,94,2,-1,2,94,95,-1,2,95,27,-1,73,72,96,-1,96,72,97,-1,96,97,98,-1,98,97,99,-1,98,99,100,-1,100,99,101,-1,100,101,102,-1,102,101,103,-1,102,103,104,-1,104,103,105,-1,104,105,106,-1,106,105,107,-1,106,107,70,-1,70,107,108,-1,70,108,69,-1,5,109,3,-1,3,109,110,-1,3,110,111,-1,111,110,112,-1,111,112,113,-1,113,112,114,-1,113,114,82,-1,82,114,115,-1,82,115,83,-1,12,116,13,-1,13,116,117,-1,13,117,118,-1,118,117,119,-1,118,119,120,-1,120,119,121,-1,120,121,122,-1,122,121,123,-1,122,123,124,-1,124,123,125,-1,124,125,126,-1,126,125,127,-1,126,127,128,-1,128,127,129,-1,128,129,130,-1,130,129,41,-1,130,41,131,-1,131,41,40,-1,75,132,76,-1,76,132,133,-1,76,133,134,-1,134,133,135,-1,134,135,136,-1,136,135,137,-1,136,137,77,-1,77,137,138,-1,77,138,78,-1,139,140,141,-1,141,140,142,-1,142,143,141,-1,141,143,144,-1,141,144,145,-1,73,146,71,-1,71,146,141,-1,71,141,147,-1,147,141,145,-1,141,148,139,-1,139,148,149,-1,139,149,150,-1,150,151,139,-1,139,151,152,-1,139,152,153,-1,67,154,155,-1,67,155,65,-1,65,155,156,-1,65,156,63,-1,156,157,63,-1,63,157,158,-1,63,158,61,-1,61,158,159,-1,61,159,59,-1,59,159,160,-1,59,160,57,-1,57,160,161,-1,57,161,55,-1,55,161,162,-1,55,162,79,-1,79,162,163,-1,79,163,77,-1,164,134,136,-1,77,163,165,-1,77,165,136,-1,136,165,166,-1,136,166,164,-1,134,164,76,-1,76,164,167,-1,76,167,168,-1,76,168,169,-1,76,169,74,-1,74,169,170,-1,74,170,46,-1,46,170,44,-1,44,170,171,-1,44,171,172,-1,44,172,173,-1,44,173,42,-1,42,173,174,-1,42,174,31,-1,31,174,175,-1,31,175,49,-1,49,175,176,-1,49,176,10,-1,10,176,177,-1,10,177,5,-1,5,177,178,-1,5,178,109,-1,109,178,179,-1,109,179,110,-1,110,179,180,-1,110,180,112,-1,181,85,83,-1,112,180,182,-1,112,182,114,-1,114,182,183,-1,114,183,115,-1,115,183,184,-1,115,184,83,-1,83,184,185,-1,83,185,181,-1,85,181,186,-1,85,186,87,-1,87,186,187,-1,87,187,89,-1,89,187,188,-1,89,188,91,-1,91,188,189,-1,91,189,92,-1,92,189,190,-1,92,190,35,-1,35,190,191,-1,35,191,36,-1,36,191,192,-1,36,192,0,-1,192,193,0,-1,0,193,194,-1,0,194,1,-1,1,194,195,-1,1,195,40,-1,40,195,196,-1,40,196,131,-1,196,197,131,-1,131,197,198,-1,131,198,130,-1,130,198,199,-1,130,199,128,-1,200,6,13,-1,128,199,201,-1,202,124,201,-1,201,124,126,-1,201,126,128,-1,202,203,124,-1,124,203,204,-1,124,204,122,-1,122,204,205,-1,122,205,120,-1,120,205,206,-1,120,206,118,-1,118,206,207,-1,118,207,13,-1,13,207,208,-1,13,208,200,-1,7,6,209,-1,209,6,200,-1,210,14,211,-1,211,14,7,-1,211,7,209,-1,15,14,212,-1,212,14,210,-1,213,16,214,-1,214,16,15,-1,214,15,212,-1,16,213,215,-1,16,215,52,-1,52,215,216,-1,52,216,28,-1,28,216,217,-1,28,217,29,-1,29,217,218,-1,29,218,30,-1,30,218,219,-1,30,219,19,-1,19,219,220,-1,19,220,21,-1,21,220,221,-1,21,221,23,-1,23,221,222,-1,23,222,25,-1,25,222,223,-1,25,223,2,-1,2,223,224,-1,2,224,34,-1,34,224,225,-1,34,225,90,-1,90,225,226,-1,90,226,88,-1,88,226,227,-1,88,227,86,-1,86,227,228,-1,86,228,84,-1,84,228,82,-1,82,228,229,-1,229,230,82,-1,82,230,231,-1,82,231,113,-1,113,231,232,-1,113,232,111,-1,111,232,233,-1,111,233,3,-1,3,233,234,-1,3,234,4,-1,4,234,235,-1,4,235,47,-1,47,235,236,-1,47,236,48,-1,48,236,237,-1,48,237,50,-1,50,237,238,-1,50,238,51,-1,51,238,239,-1,51,239,32,-1,32,239,240,-1,32,240,33,-1,33,240,241,-1,33,241,43,-1,43,241,242,-1,43,242,45,-1,45,242,243,-1,45,243,75,-1,75,243,244,-1,75,244,132,-1,132,244,245,-1,132,245,133,-1,133,245,246,-1,133,246,135,-1,246,247,135,-1,135,247,248,-1,135,248,137,-1,137,248,249,-1,137,249,138,-1,138,249,250,-1,138,250,78,-1,78,250,251,-1,78,251,80,-1,80,251,252,-1,80,252,81,-1,81,252,253,-1,81,253,53,-1,54,53,254,-1,254,53,253,-1,54,254,255,-1,54,255,56,-1,56,255,256,-1,56,256,58,-1,58,256,257,-1,58,257,60,-1,60,257,258,-1,60,258,62,-1,62,258,259,-1,62,259,64,-1,259,260,64,-1,64,260,261,-1,64,261,66,-1,66,261,262,-1,66,262,68,-1,68,262,263,-1,68,263,70,-1,70,263,264,-1,70,264,106,-1,106,264,265,-1,106,265,104,-1,104,265,266,-1,104,266,102,-1,102,266,267,-1,102,267,100,-1,100,267,268,-1,100,268,98,-1,98,268,269,-1,98,269,96,-1,73,96,270,-1,270,96,269,-1,73,270,271,-1,73,271,146,-1,146,271,272,-1,146,272,141,-1,141,272,273,-1,141,273,148,-1,148,273,274,-1,148,274,149,-1,149,274,275,-1,149,275,150,-1,150,275,276,-1,150,276,151,-1,151,276,277,-1,151,277,152,-1,152,277,278,-1,152,278,153,-1,153,278,279,-1,153,279,139,-1,139,279,280,-1,139,280,140,-1,140,280,281,-1,140,281,142,-1,142,281,282,-1,142,282,143,-1,143,282,283,-1,143,283,144,-1,144,283,284,-1,144,284,145,-1,145,284,285,-1,145,285,147,-1,147,285,286,-1,147,286,71,-1,71,286,287,-1,71,287,72,-1,97,72,288,-1,288,72,287,-1,97,288,289,-1,97,289,99,-1,99,289,290,-1,99,290,101,-1,101,290,291,-1,101,291,103,-1,103,291,292,-1,103,292,105,-1,105,292,293,-1,105,293,107,-1,107,293,294,-1,107,294,108,-1,108,294,295,-1,108,295,69,-1,69,295,154,-1,69,154,67,-1,17,296,297,-1,17,297,9,-1,9,297,298,-1,9,298,8,-1,8,298,299,-1,8,299,37,-1,37,299,300,-1,37,300,11,-1,11,300,301,-1,11,301,12,-1,12,301,302,-1,12,302,116,-1,116,302,303,-1,116,303,117,-1,117,303,304,-1,117,304,119,-1,119,304,305,-1,119,305,121,-1,121,305,306,-1,121,306,123,-1,123,306,307,-1,123,307,125,-1,125,307,308,-1,125,308,127,-1,127,308,309,-1,127,309,129,-1,129,309,310,-1,129,310,41,-1,41,310,311,-1,41,311,39,-1,39,311,312,-1,39,312,38,-1,38,312,313,-1,38,313,93,-1,93,313,314,-1,93,314,94,-1,94,314,315,-1,94,315,95,-1,95,315,316,-1,95,316,27,-1,27,316,317,-1,27,317,26,-1,26,317,318,-1,26,318,24,-1,24,318,319,-1,24,319,22,-1,22,319,320,-1,22,320,20,-1,20,320,321,-1,20,321,18,-1,18,321,296,-1,18,296,17,-1,
        ]
    }
}
Shape{
    appearance Appearance {
        material  Material 	{
            diffuseColor 0.7529411764705882 0.7529411764705882 0.7529411764705882
            specularColor 0.3764705882352941 0.3764705882352941 0.3764705882352941
            ambientIntensity 0.2
            transparency 0
            shininess 0.5
        }
    }
    geometry IndexedFaceSet {
        ccw TRUE
        solid FALSE
        coord DEF co Coordinate {
            point [
                -0.4644 -0.8946 1.2441, -0.4892 -0.8301 1.2441, -0.4937 -0.835 1.2441, -0.4644 -0.8205 1.2441, -0.458 -0.8211 1.2441, -0.4553 -0.8934 1.2441, -0.4734 -0.8217 1.2441, -0.4817 -0.8249 1.2441, -0.4398 -0.8852 1.2441, -0.4348 -0.8353 1.2441, -0.4412 -0.8288 1.2441, -0.4993 -0.8701 1.2441, -0.4953 -0.8779 1.2441, -0.4893 -0.8849 1.2441, -0.447 -0.8902 1.2441, -0.4491 -0.8239 1.2441, -0.4985 -0.843 1.2441, -0.501 -0.852 1.2441, -0.5012 -0.8613 1.2441, -0.4818 -0.8902 1.2441, -0.4731 -0.8935 1.2441, -0.4296 -0.8699 1.2441, -0.4275 -0.8608 1.2441, -0.4338 -0.8782 1.2441, -0.4279 -0.8516 1.2441, -0.4304 -0.8429 1.2441, -0.4304 -0.8429 1.2441
            ]
        }
        coordIndex [
            0,1,2,-1,3,0,4,-1,4,0,5,-1,3,6,0,-1,0,6,7,-1,0,7,1,-1,8,9,10,-1,11,12,2,-1,2,12,13,-1,5,14,4,-1,4,14,8,-1,4,8,15,-1,15,8,10,-1,16,17,2,-1,2,17,18,-1,2,18,11,-1,13,19,2,-1,2,19,20,-1,2,20,0,-1,21,22,23,-1,23,22,24,-1,23,24,8,-1,8,24,25,-1,8,25,9,-1,
        ]
    }
}